Drug,Target
DB00001,2147
DB00002,1956
DB00002,2215
DB00002,715
DB00002,712
DB00002,713
DB00002,714
DB00002,2214
DB00002,716
DB00002,2209
DB00002,2212
DB00002,2213
DB00002,9103
DB00003,1773
DB00004,3559
DB00004,3560
DB00004,3561
DB00005,2215
DB00005,715
DB00005,712
DB00005,713
DB00005,714
DB00005,2214
DB00005,716
DB00005,2209
DB00005,2212
DB00005,2213
DB00005,9103
DB00005,7124
DB00005,7133
DB00005,4049
DB00006,2147
DB00006,4353
DB00007,2798
DB00007,1576
DB00008,3455
DB00008,3454
DB00008,1544
DB00009,5340
DB00009,2243
DB00009,5329
DB00009,5054
DB00010,2692
DB00011,3455
DB00011,3454
DB00012,2057
DB00013,5340
DB00013,5329
DB00013,5054
DB00013,5328
DB00013,5327
DB00013,5055
DB00013,5104
DB00013,4036
DB00013,6768
DB00013,4811
DB00014,2798
DB00014,3973
DB00015,5340
DB00015,2243
DB00015,5329
DB00015,5054
DB00016,2057
DB00017,799
DB00018,3455
DB00018,3454
DB00019,1441
DB00019,1991
DB00020,1438
DB00020,3563
DB00020,1439
DB00020,6383
DB00020,5553
DB00022,3455
DB00022,3454
DB00022,1544
DB00022,1565
DB00022,1559
DB00023,6906
DB00024,7253
DB00025,2147
DB00025,2159
DB00025,2158
DB00025,7450
DB00025,5264
DB00025,433
DB00025,3309
DB00025,811
DB00025,821
DB00025,3998
DB00025,4035
DB00025,90411
DB00025,5624
DB00026,3554
DB00027,5243
DB00028,2215
DB00028,2214
DB00028,2209
DB00028,2212
DB00028,2213
DB00028,9103
DB00028,718
DB00028,720
DB00028,721
DB00028,727
DB00029,5340
DB00029,2243
DB00029,5329
DB00029,5054
DB00030,3643
DB00030,3480
DB00030,5925
DB00030,3416
DB00030,5126
DB00030,1363
DB00030,5122
DB00031,5340
DB00031,2243
DB00031,5329
DB00031,5054
DB00031,5055
DB00031,811
DB00031,821
DB00031,4035
DB00031,7123
DB00031,3856
DB00031,302
DB00032,3973
DB00032,2492
DB00033,3459
DB00033,3460
DB00034,3455
DB00034,3454
DB00035,554
DB00035,552
DB00035,553
DB00035,5742
DB00035,5743
DB00036,2159
DB00036,3249
DB00036,7035
DB00036,2677
DB00036,2155
DB00036,2152
DB00038,3590
DB00039,2263
DB00039,8829
DB00039,2260
DB00039,2264
DB00039,2261
DB00039,3339
DB00040,2642
DB00040,9340
DB00040,2740
DB00041,3559
DB00041,3560
DB00041,3561
DB00041,1576
DB00041,5743
DB00041,5321
DB00041,7498
DB00041,1571
DB00042,6844
DB00042,6843
DB00042,127833
DB00043,2205
DB00043,2206
DB00044,3973
DB00045,7097
DB00046,3643
DB00046,3480
DB00047,3643
DB00047,3480
DB00048,1277
DB00048,1280
DB00048,1281
DB00048,1278
DB00050,2798
DB00050,3973
DB00051,7124
DB00052,2690
DB00052,5618
DB00053,2629
DB00054,2215
DB00054,715
DB00054,712
DB00054,713
DB00054,714
DB00054,2214
DB00054,716
DB00054,2209
DB00054,2212
DB00054,2213
DB00054,9103
DB00054,3690
DB00054,3674
DB00054,7448
DB00055,2147
DB00055,5054
DB00055,5104
DB00055,2677
DB00055,2157
DB00055,2153
DB00055,7056
DB00055,5627
DB00055,1356
DB00055,5196
DB00055,5269
DB00055,10544
DB00056,2215
DB00056,715
DB00056,712
DB00056,713
DB00056,714
DB00056,2214
DB00056,716
DB00056,2209
DB00056,2212
DB00056,2213
DB00056,9103
DB00056,945
DB00058,1991
DB00059,6906
DB00060,3455
DB00060,3454
DB00061,2885
DB00063,3690
DB00065,7124
DB00066,2492
DB00067,554
DB00067,552
DB00067,553
DB00067,1244
DB00068,3455
DB00068,3454
DB00069,3455
DB00069,3454
DB00070,7040
DB00070,213
DB00071,4036
DB00071,3643
DB00071,3480
DB00071,5925
DB00071,3416
DB00071,5126
DB00071,1363
DB00071,5122
DB00071,3118
DB00071,3119
DB00071,1509
DB00071,3490
DB00071,94121
DB00072,1956
DB00072,2215
DB00072,715
DB00072,712
DB00072,713
DB00072,714
DB00072,2214
DB00072,716
DB00072,2209
DB00072,2212
DB00072,2213
DB00072,9103
DB00072,2064
DB00072,1588
DB00073,931
DB00074,2215
DB00074,715
DB00074,712
DB00074,713
DB00074,714
DB00074,2214
DB00074,716
DB00074,2209
DB00074,2212
DB00074,2213
DB00074,9103
DB00074,3559
DB00074,3560
DB00075,2215
DB00075,715
DB00075,712
DB00075,713
DB00075,714
DB00075,2214
DB00075,716
DB00075,2209
DB00075,2212
DB00075,2213
DB00075,9103
DB00075,915
DB00075,916
DB00075,917
DB00075,919
DB00078,2215
DB00078,715
DB00078,712
DB00078,713
DB00078,714
DB00078,2214
DB00078,716
DB00078,2209
DB00078,2212
DB00078,2213
DB00078,9103
DB00078,931
DB00081,2215
DB00081,715
DB00081,712
DB00081,713
DB00081,714
DB00081,2214
DB00081,2209
DB00081,2212
DB00081,2213
DB00081,9103
DB00081,931
DB00082,1576
DB00082,2690
DB00082,1593
DB00082,2752
DB00082,1562
DB00082,590
DB00082,1557
DB00082,1579
DB00083,6616
DB00083,388
DB00085,279
DB00086,5340
DB00086,5321
DB00086,2149
DB00087,2215
DB00087,715
DB00087,712
DB00087,713
DB00087,714
DB00087,2214
DB00087,2209
DB00087,2212
DB00087,2213
DB00087,9103
DB00087,1043
DB00088,2629
DB00089,2346
DB00090,3425
DB00091,1576
DB00091,1565
DB00091,1559
DB00091,5243
DB00091,1244
DB00091,1557
DB00091,819
DB00091,5535
DB00091,5478
DB00091,10105
DB00091,1551
DB00091,1577
DB00091,1558
DB00091,8714
DB00091,8647
DB00091,6579
DB00091,6555
DB00091,6554
DB00091,9356
DB00091,89845
DB00091,9429
DB00091,10599
DB00092,2215
DB00092,715
DB00092,712
DB00092,713
DB00092,714
DB00092,2214
DB00092,2209
DB00092,2212
DB00092,2213
DB00092,9103
DB00092,914
DB00094,2492
DB00095,2215
DB00095,715
DB00095,712
DB00095,713
DB00095,714
DB00095,2214
DB00095,2209
DB00095,2212
DB00095,2213
DB00095,9103
DB00095,3683
DB00097,3973
DB00097,2492
DB00098,2213
DB00098,3690
DB00098,3683
DB00098,909
DB00098,3140
DB00098,942
DB00098,920
DB00098,3688
DB00098,3685
DB00099,1441
DB00099,1991
DB00100,2147
DB00100,2159
DB00100,4035
DB00100,2677
DB00100,2155
DB00100,2157
DB00100,2160
DB00102,5159
DB00102,5156
DB00102,2
DB00103,2717
DB00104,4353
DB00104,1576
DB00104,6751
DB00104,6755
DB00104,6752
DB00105,3455
DB00105,3454
DB00105,1544
DB00106,2798
DB00107,5021
DB00107,5020
DB00107,5550
DB00108,2215
DB00108,715
DB00108,712
DB00108,713
DB00108,714
DB00108,2214
DB00108,2209
DB00108,2212
DB00108,2213
DB00108,9103
DB00108,3676
DB00108,3383
DB00109,1571
DB00109,1557
DB00110,2215
DB00110,715
DB00110,712
DB00110,713
DB00110,714
DB00110,2214
DB00110,2209
DB00110,2212
DB00110,2213
DB00110,9103
DB00112,2215
DB00112,715
DB00112,712
DB00112,713
DB00112,714
DB00112,2214
DB00112,2209
DB00112,2212
DB00112,2213
DB00112,9103
DB00112,7422
DB00114,64902
DB00114,2571
DB00114,875
DB00114,8942
DB00114,6470
DB00114,9054
DB00114,2805
DB00114,4942
DB00114,4953
DB00114,51166
DB00114,18
DB00114,55163
DB00114,8879
DB00114,6898
DB00114,79896
DB00114,5836
DB00114,9517
DB00114,51380
DB00114,3067
DB00114,113451
DB00114,10993
DB00114,23464
DB00114,2731
DB00114,2875
DB00114,29968
DB00114,211
DB00114,189
DB00114,57026
DB00114,10558
DB00114,1491
DB00114,586
DB00114,587
DB00114,10841
DB00114,2806
DB00114,5834
DB00114,5837
DB00114,1644
DB00114,2572
DB00114,23042
DB00114,51540
DB00114,285313
DB00114,85007
DB00114,6472
DB00114,212
DB00114,84706
DB00114,55034
DB00114,113675
DB00114,63826
DB00114,51091
DB00114,55304
DB00115,4036
DB00115,4548
DB00115,4552
DB00115,166785
DB00115,25974
DB00115,4524
DB00115,326625
DB00115,81693
DB00115,6947
DB00115,6948
DB00115,8029
DB00115,4363
DB00118,1571
DB00118,875
DB00118,27232
DB00118,262
DB00118,4144
DB00118,4143
DB00118,1312
DB00118,23070
DB00118,6723
DB00119,64902
DB00119,18
DB00119,9123
DB00119,6567
DB00119,9121
DB00119,5313
DB00119,9120
DB00119,9194
DB00119,5162
DB00119,5315
DB00119,9122
DB00119,23539
DB00119,6566
DB00119,5091
DB00119,117247
DB00119,6578
DB00120,6898
DB00120,117247
DB00120,23428
DB00120,2193
DB00120,5053
DB00120,10667
DB00120,10056
DB00120,7054
DB00121,5091
DB00121,5096
DB00121,3141
DB00121,8884
DB00121,64087
DB00121,32
DB00121,56922
DB00121,5095
DB00121,31
DB00121,1545
DB00122,590
DB00122,9468
DB00122,43
DB00122,5130
DB00122,5338
DB00122,5337
DB00122,162466
DB00122,1139
DB00122,10390
DB00122,1120
DB00122,1103
DB00122,1119
DB00122,55349
DB00122,6582
DB00122,6580
DB00122,6581
DB00122,6584
DB00122,6583
DB00122,23446
DB00122,80736
DB00122,57153
DB00122,126969
DB00122,60482
DB00123,117247
DB00123,6583
DB00123,6541
DB00123,6545
DB00123,84889
DB00123,6542
DB00126,5264
DB00126,3938
DB00126,5352
DB00126,8985
DB00126,8424
DB00126,1621
DB00126,5066
DB00126,5033
DB00126,64175
DB00126,79676
DB00126,121642
DB00126,55214
DB00126,10536
DB00126,55239
DB00126,112398
DB00126,221120
DB00126,8284
DB00126,54583
DB00126,9963
DB00126,5351
DB00126,112399
DB00126,55217
DB00126,54681
DB00128,2805
DB00128,2806
DB00128,117247
DB00128,6035
DB00128,4069
DB00128,10165
DB00128,443
DB00128,440
DB00128,445
DB00128,95
DB00128,8604
DB00128,444
DB00128,10606
DB00128,790
DB00128,6505
DB00128,55157
DB00128,80150
DB00128,91703
DB00129,4942
DB00129,6541
DB00129,6545
DB00129,84889
DB00129,6542
DB00129,5009
DB00129,383
DB00129,4946
DB00129,83884
DB00129,384
DB00129,10166
DB00129,4947
DB00129,2628
DB00129,51686
DB00130,2752
DB00130,117247
DB00130,23428
DB00130,440
DB00130,790
DB00130,1503
DB00130,5471
DB00130,2162
DB00130,2744
DB00130,27165
DB00130,7052
DB00130,9333
DB00130,343641
DB00130,7051
DB00130,7047
DB00130,7053
DB00130,116179
DB00130,8833
DB00130,5198
DB00130,5188
DB00130,9945
DB00130,55191
DB00130,10991
DB00130,6510
DB00131,5836
DB00131,1385
DB00131,5292
DB00131,5142
DB00131,5564
DB00131,3094
DB00131,5144
DB00131,84532
DB00131,55902
DB00131,5562
DB00131,5565
DB00131,107
DB00131,2180
DB00131,2203
DB00131,132
DB00131,270
DB00131,353
DB00132,3992
DB00132,9415
DB00132,6546
DB00132,7442
DB00132,6785
DB00132,5465
DB00132,9971
DB00132,5467
DB00132,5468
DB00132,6256
DB00132,2173
DB00134,2752
DB00134,4548
DB00134,4552
DB00134,4524
DB00134,4144
DB00134,4143
DB00134,117247
DB00134,10988
DB00134,635
DB00134,23743
DB00134,22921
DB00134,51734
DB00134,4482
DB00134,92935
DB00134,27430
DB00135,6898
DB00135,6567
DB00135,117247
DB00135,7054
DB00135,51067
DB00136,1576
DB00136,7421
DB00136,3206
DB00136,1591
DB00136,2638
DB00137,213
DB00138,117247
DB00138,23657
DB00138,1497
DB00138,11136
DB00138,6519
DB00139,8985
DB00139,8424
DB00139,5033
DB00139,64175
DB00139,55214
DB00139,10536
DB00139,5351
DB00139,55217
DB00139,444
DB00139,6391
DB00139,56670
DB00139,64064
DB00139,8803
DB00139,1468
DB00139,6389
DB00139,8630
DB00139,64849
DB00139,9058
DB00139,8801
DB00139,6392
DB00139,8974
DB00139,6390
DB00139,7915
DB00139,8802
DB00139,5019
DB00139,9376
DB00140,9356
DB00140,4524
DB00140,55312
DB00140,645
DB00140,4128
DB00141,8703
DB00141,8702
DB00141,8704
DB00141,55577
DB00141,51172
DB00141,4669
DB00141,5973
DB00141,2683
DB00142,2677
DB00142,2752
DB00142,2346
DB00142,2571
DB00142,2805
DB00142,51166
DB00142,18
DB00142,6898
DB00142,2875
DB00142,29968
DB00142,586
DB00142,587
DB00142,10841
DB00142,2806
DB00142,2572
DB00142,84706
DB00142,6566
DB00142,117247
DB00142,440
DB00142,6505
DB00142,2744
DB00142,27165
DB00142,8833
DB00142,5198
DB00142,5188
DB00142,55191
DB00142,23657
DB00142,2911
DB00142,2914
DB00142,2900
DB00142,2901
DB00142,2917
DB00142,2918
DB00142,6512
DB00142,26873
DB00142,2906
DB00142,2895
DB00142,116444
DB00142,6507
DB00142,6506
DB00142,2729
DB00142,6511
DB00142,2747
DB00142,2902
DB00142,2356
DB00142,2028
DB00142,2903
DB00142,2904
DB00142,2905
DB00142,124454
DB00142,162417
DB00142,116443
DB00142,83733
DB00142,79751
DB00142,10157
DB00142,23549
DB00142,2894
DB00142,10404
DB00142,2746
DB00142,2897
DB00142,2890
DB00142,2730
DB00142,2891
DB00142,2892
DB00142,2893
DB00142,5832
DB00142,2898
DB00142,2899
DB00143,1576
DB00143,1244
DB00143,8714
DB00143,4363
DB00143,4259
DB00143,27306
DB00143,51060
DB00143,2938
DB00143,2939
DB00143,4257
DB00143,2098
DB00143,2678
DB00143,2946
DB00143,2745
DB00143,2879
DB00143,2949
DB00143,3029
DB00143,2876
DB00143,493869
DB00143,2882
DB00143,4258
DB00143,119391
DB00143,51022
DB00143,2739
DB00143,4056
DB00143,2936
DB00143,2937
DB00143,2944
DB00143,373156
DB00143,2940
DB00143,2947
DB00143,2941
DB00143,2948
DB00143,221357
DB00143,2950
DB00143,9446
DB00143,2877
DB00143,2952
DB00143,2954
DB00143,2880
DB00143,2878
DB00143,231
DB00143,4318
DB00143,10257
DB00143,10057
DB00144,1608
DB00144,8527
DB00144,81490
DB00144,55627
DB00144,55512
DB00144,10396
DB00144,5578
DB00144,9791
DB00144,23761
DB00144,949
DB00145,64902
DB00145,6470
DB00145,23464
DB00145,2731
DB00145,211
DB00145,189
DB00145,6472
DB00145,212
DB00145,27232
DB00145,117247
DB00145,2628
DB00145,116444
DB00145,2903
DB00145,2905
DB00145,2937
DB00145,2653
DB00145,570
DB00145,2841
DB00145,10249
DB00145,206358
DB00145,140679
DB00145,51268
DB00145,9152
DB00145,6536
DB00145,2741
DB00145,2743
DB00145,8001
DB00145,2742
DB00146,7421
DB00146,1591
DB00146,1594
DB00148,6584
DB00148,1158
DB00148,548596
DB00148,1152
DB00148,1160
DB00148,6535
DB00148,2593
DB00150,1644
DB00150,6567
DB00150,117247
DB00150,10352
DB00150,6999
DB00150,7166
DB00150,121278
DB00150,3620
DB00151,875
DB00151,9054
DB00151,2805
DB00151,51380
DB00151,1491
DB00151,117247
DB00151,2729
DB00151,2730
DB00151,2937
DB00151,4255
DB00151,80704
DB00151,79587
DB00151,1036
DB00152,6582
DB00152,6580
DB00152,6584
DB00152,27010
DB00152,10560
DB00152,1580
DB00153,1593
DB00153,7421
DB00153,1591
DB00153,2638
DB00153,1594
DB00153,786
DB00153,120227
DB00153,1583
DB00155,9356
DB00155,445
DB00155,5009
DB00155,23564
DB00155,23576
DB00155,4842
DB00155,4843
DB00155,4846
DB00155,353238
DB00155,29943
DB00155,51702
DB00155,11240
DB00155,23569
DB00156,79896
DB00156,117247
DB00156,80222
DB00157,7498
DB00157,1579
DB00157,5162
DB00157,7915
DB00157,645
DB00157,2747
DB00157,10157
DB00157,2746
DB00157,2936
DB00157,231
DB00157,1036
DB00157,7358
DB00157,124
DB00157,6652
DB00157,127
DB00157,126
DB00157,125
DB00157,131
DB00157,2819
DB00157,160287
DB00157,128
DB00157,3028
DB00157,4191
DB00157,3939
DB00157,4200
DB00157,3295
DB00157,92483
DB00157,3948
DB00157,3945
DB00157,1962
DB00157,3033
DB00157,10873
DB00157,622
DB00157,4190
DB00157,11112
DB00157,3293
DB00157,3156
DB00157,4199
DB00157,26227
DB00157,51478
DB00157,3421
DB00157,3420
DB00157,3419
DB00157,3292
DB00157,3294
DB00157,5959
DB00157,9563
DB00157,7923
DB00157,1109
DB00157,3615
DB00157,8644
DB00157,3248
DB00157,7264
DB00157,1645
DB00157,3290
DB00157,3284
DB00157,3283
DB00157,3614
DB00157,3030
DB00157,217
DB00157,3291
DB00157,1646
DB00157,50814
DB00157,222
DB00157,4329
DB00157,218
DB00157,216
DB00157,26330
DB00157,223
DB00157,220
DB00157,219
DB00157,221
DB00157,2597
DB00157,8854
DB00157,224
DB00157,501
DB00157,29920
DB00157,5831
DB00157,5161
DB00157,5160
DB00157,644
DB00157,35
DB00157,1719
DB00157,4967
DB00157,1717
DB00157,4835
DB00157,374291
DB00157,4522
DB00157,10797
DB00157,8659
DB00157,1727
DB00157,126328
DB00157,5860
DB00157,23530
DB00157,4698
DB00157,4704
DB00157,4705
DB00157,4701
DB00157,4694
DB00157,4697
DB00157,4700
DB00157,4706
DB00157,4695
DB00157,4702
DB00157,4696
DB00157,4714
DB00157,4718
DB00157,4707
DB00157,4719
DB00157,4716
DB00157,4710
DB00157,4709
DB00157,4708
DB00157,4713
DB00157,4715
DB00157,4720
DB00157,4711
DB00157,4717
DB00157,4712
DB00157,4731
DB00157,1738
DB00157,4722
DB00157,55967
DB00157,4725
DB00157,4724
DB00157,4723
DB00157,4729
DB00157,51079
DB00157,4726
DB00157,56901
DB00157,4728
DB00157,1737
DB00157,275
DB00157,6307
DB00157,3162
DB00157,3163
DB00157,1586
DB00157,7299
DB00157,316
DB00157,130
DB00157,10327
DB00158,8714
DB00158,9356
DB00158,9429
DB00158,4524
DB00158,10257
DB00158,1719
DB00158,2352
DB00158,2350
DB00158,2348
DB00158,8836
DB00158,85320
DB00158,113235
DB00158,81034
DB00159,5742
DB00159,5743
DB00159,213
DB00159,3992
DB00159,6546
DB00159,7442
DB00159,5465
DB00159,5467
DB00159,5468
DB00159,2173
DB00159,2182
DB00159,2181
DB00159,2864
DB00161,586
DB00161,117247
DB00161,5096
DB00162,213
DB00162,27306
DB00162,5959
DB00162,216
DB00162,220
DB00162,8854
DB00162,145226
DB00162,9249
DB00162,54884
DB00162,51109
DB00162,10901
DB00162,57665
DB00162,9227
DB00162,5947
DB00162,112724
DB00162,5949
DB00162,6017
DB00162,347
DB00162,1543
DB00162,1592
DB00162,83758
DB00162,116362
DB00162,5950
DB00162,5948
DB00163,1576
DB00163,2729
DB00163,2939
DB00163,2947
DB00163,2950
DB00163,9446
DB00163,5578
DB00163,949
DB00163,3162
DB00163,8856
DB00163,5579
DB00163,240
DB00163,1606
DB00163,5516
DB00163,5515
DB00163,284904
DB00163,266629
DB00163,23541
DB00163,1728
DB00163,6647
DB00163,19
DB00163,29881
DB00163,9619
DB00163,7274
DB00165,1543
DB00165,8566
DB00166,8884
DB00166,51601
DB00166,11019
DB00166,5447
DB00169,1576
DB00169,1565
DB00169,1593
DB00169,1558
DB00169,7421
DB00169,2638
DB00169,120227
DB00169,1583
DB00169,1543
DB00169,1573
DB00169,1555
DB00170,2147
DB00170,1544
DB00170,2159
DB00170,2158
DB00170,5624
DB00170,2677
DB00170,2155
DB00170,7498
DB00170,1571
DB00170,5627
DB00170,4524
DB00170,4835
DB00170,316
DB00170,1543
DB00170,1728
DB00170,79001
DB00170,154807
DB00170,8858
DB00170,632
DB00170,1548
DB00173,32
DB00173,353
DB00173,52
DB00173,55825
DB00173,6733
DB00173,4507
DB00173,54658
DB00174,117247
DB00174,440
DB00174,80150
DB00174,10991
DB00174,6510
DB00174,79731
DB00175,5243
DB00175,1244
DB00175,8647
DB00175,6579
DB00175,9356
DB00175,9429
DB00175,10599
DB00175,6566
DB00175,9376
DB00175,3156
DB00175,11309
DB00175,55867
DB00175,10864
DB00176,1576
DB00176,1544
DB00176,1565
DB00176,1559
DB00176,5243
DB00176,1571
DB00176,1557
DB00176,1551
DB00176,1577
DB00176,1558
DB00176,8647
DB00176,1543
DB00176,1555
DB00176,6532
DB00176,3757
DB00177,1559
DB00177,1244
DB00177,10599
DB00177,185
DB00178,590
DB00178,1636
DB00178,623
DB00178,6564
DB00178,6565
DB00179,240
DB00179,1573
DB00179,6462
DB00180,1576
DB00180,2908
DB00180,866
DB00181,2550
DB00181,9568
DB00182,1565
DB00182,6581
DB00182,6584
DB00182,4128
DB00182,1548
DB00182,6532
DB00182,6571
DB00182,6531
DB00182,9607
DB00182,134864
DB00182,6530
DB00182,148
DB00182,153
DB00182,1813
DB00182,4129
DB00183,590
DB00183,887
DB00184,1576
DB00184,1544
DB00184,1565
DB00184,1559
DB00184,1571
DB00184,1588
DB00184,1557
DB00184,1558
DB00184,1139
DB00184,1103
DB00184,6582
DB00184,6580
DB00184,6581
DB00184,6584
DB00184,6583
DB00184,4128
DB00184,1543
DB00184,1555
DB00184,1548
DB00184,4129
DB00184,1137
DB00184,1141
DB00184,1135
DB00184,1136
DB00184,1138
DB00184,8973
DB00184,55584
DB00184,1142
DB00184,1143
DB00184,1553
DB00185,1576
DB00185,1565
DB00185,1131
DB00185,1128
DB00185,2326
DB00186,1576
DB00186,2554
DB00186,706
DB00186,7366
DB00187,1565
DB00187,153
DB00188,1576
DB00188,1544
DB00188,1565
DB00188,1559
DB00188,1557
DB00188,5693
DB00188,5689
DB00189,2554
DB00190,1644
DB00191,1576
DB00191,4128
DB00191,6532
DB00191,6531
DB00191,6530
DB00191,4129
DB00191,4852
DB00192,6331
DB00193,1576
DB00193,1565
DB00193,5243
DB00193,1139
DB00193,116443
DB00193,1555
DB00193,54658
DB00193,6532
DB00193,6530
DB00193,1131
DB00193,1128
DB00193,4988
DB00193,3358
DB00193,4986
DB00193,4985
DB00194,100
DB00195,1544
DB00195,1565
DB00195,153
DB00195,154
DB00196,1576
DB00196,1559
DB00196,5243
DB00196,1557
DB00197,1576
DB00197,5054
DB00197,1559
DB00197,1588
DB00197,1557
DB00197,1551
DB00197,1577
DB00197,1558
DB00197,8647
DB00197,10599
DB00197,5465
DB00197,5467
DB00197,5468
DB00197,2950
DB00197,2182
DB00197,1543
DB00197,1555
DB00197,54658
DB00197,7366
DB00197,2030
DB00197,2104
DB00197,2101
DB00197,54659
DB00197,54657
DB00197,54578
DB00197,54577
DB00197,54576
DB00197,54600
DB00197,54575
DB00197,7364
DB00198,9376
DB00198,10257
DB00198,6564
DB00198,1066
DB00198,4758
DB00198,4759
DB00199,1576
DB00199,5243
DB00199,1244
DB00199,1551
DB00199,1577
DB00199,8647
DB00199,6579
DB00199,10599
DB00199,3757
DB00199,2862
DB00200,4548
DB00200,4552
DB00200,166785
DB00200,25974
DB00200,326625
DB00200,81693
DB00200,6947
DB00200,6948
DB00200,8029
DB00201,1576
DB00201,1544
DB00201,1565
DB00201,1559
DB00201,5243
DB00201,1571
DB00201,1551
DB00201,1577
DB00201,1558
DB00201,1545
DB00201,5142
DB00201,1543
DB00201,134
DB00201,135
DB00201,6261
DB00201,5136
DB00201,5591
DB00201,5293
DB00201,5290
DB00201,5291
DB00201,3708
DB00201,472
DB00202,590
DB00202,1139
DB00202,1131
DB00202,1128
DB00202,1129
DB00203,1576
DB00203,1565
DB00203,1559
DB00203,5243
DB00203,1571
DB00203,1557
DB00203,1551
DB00203,1577
DB00203,89845
DB00203,10599
DB00203,10257
DB00203,10057
DB00203,1543
DB00203,8654
DB00203,5148
DB00203,5149
DB00204,1576
DB00204,6582
DB00204,3757
DB00204,3776
DB00204,3768
DB00205,1558
DB00205,1719
DB00205,3074
DB00205,55244
DB00205,146802
DB00206,5243
DB00206,1244
DB00206,1577
DB00206,8647
DB00206,10599
DB00206,6582
DB00206,6580
DB00206,11309
DB00206,6571
DB00206,6570
DB00206,332
DB00207,1576
DB00207,5243
DB00207,1244
DB00207,23569
DB00208,4353
DB00208,1576
DB00208,1544
DB00208,1565
DB00208,1559
DB00208,1571
DB00208,1557
DB00208,1558
DB00208,1543
DB00208,1555
DB00208,64805
DB00209,1565
DB00209,1128
DB00210,5743
DB00210,6256
DB00210,5916
DB00210,5915
DB00210,6258
DB00210,6257
DB00210,5914
DB00211,1565
DB00211,6564
DB00211,148
DB00211,147
DB00211,146
DB00213,1576
DB00213,5243
DB00213,1557
DB00213,9429
DB00213,9376
DB00213,23576
DB00213,495
DB00214,1559
DB00214,213
DB00214,1558
DB00214,10599
DB00214,6557
DB00214,6558
DB00215,1576
DB00215,1544
DB00215,1565
DB00215,5243
DB00215,1557
DB00215,6532
DB00215,3269
DB00216,1576
DB00216,1565
DB00216,1559
DB00216,5243
DB00216,5742
DB00216,1557
DB00216,1548
DB00216,3352
DB00216,3351
DB00216,3350
DB00216,3354
DB00216,3357
DB00216,3363
DB00217,153
DB00217,150
DB00217,3758
DB00218,1544
DB00218,7153
DB00219,1128
DB00220,1576
DB00220,1565
DB00220,1559
DB00220,5243
DB00220,213
DB00220,1557
DB00220,1551
DB00220,1577
DB00220,8647
DB00220,6579
DB00220,9429
DB00220,10599
DB00220,6580
DB00220,1555
DB00220,54658
DB00220,11309
DB00221,153
DB00221,154
DB00222,1559
DB00222,8647
DB00222,3758
DB00222,3767
DB00222,6833
DB00223,2908
DB00224,1576
DB00224,1565
DB00224,5243
DB00224,1244
DB00224,1551
DB00224,1577
DB00224,8647
DB00224,6579
DB00224,10599
DB00224,4363
DB00224,6580
DB00224,54658
DB00224,11309
DB00226,6530
DB00227,1576
DB00227,1565
DB00227,1559
DB00227,5243
DB00227,1244
DB00227,213
DB00227,1551
DB00227,1577
DB00227,1558
DB00227,8647
DB00227,6579
DB00227,10599
DB00227,3683
DB00227,3156
DB00227,54658
DB00227,54659
DB00227,7364
DB00227,3066
DB00227,5446
DB00228,1571
DB00228,213
DB00228,2890
DB00228,2741
DB00228,2554
DB00228,3783
DB00228,3736
DB00228,27032
DB00229,9356
DB00229,9376
DB00230,6505
DB00230,781
DB00230,8140
DB00231,1576
DB00231,1559
DB00231,1557
DB00231,1558
DB00231,1555
DB00231,2554
DB00231,706
DB00231,2555
DB00231,2556
DB00231,2557
DB00231,2558
DB00231,2559
DB00231,2560
DB00231,2561
DB00231,2562
DB00231,2565
DB00231,2566
DB00231,2563
DB00231,2564
DB00231,2569
DB00231,2570
DB00231,200959
DB00231,55879
DB00232,6557
DB00232,759
DB00232,760
DB00232,762
DB00233,4353
DB00233,5743
DB00233,240
DB00233,1147
DB00233,30814
DB00234,1576
DB00234,1565
DB00234,5243
DB00234,6530
DB00235,5139
DB00237,1139
DB00237,2891
DB00237,2898
DB00237,1137
DB00237,2554
DB00238,1576
DB00238,1544
DB00238,1565
DB00238,1559
DB00238,213
DB00238,1577
DB00238,6580
DB00238,1555
DB00238,1548
DB00239,1576
DB00239,1557
DB00239,8856
DB00240,1576
DB00240,2908
DB00240,866
DB00241,1139
DB00241,2891
DB00241,2898
DB00241,1137
DB00241,2554
DB00241,2555
DB00241,2556
DB00241,2557
DB00241,2558
DB00241,2559
DB00242,9429
DB00242,6240
DB00242,6241
DB00242,50484
DB00242,5422
DB00242,5426
DB00242,5427
DB00242,54107
DB00242,56655
DB00242,4860
DB00242,1633
DB00243,1576
DB00243,1565
DB00243,5243
DB00243,213
DB00243,8647
DB00243,148
DB00243,153
DB00243,775
DB00243,5004
DB00244,4353
DB00244,5742
DB00244,5743
DB00244,5468
DB00244,240
DB00244,1147
DB00244,3551
DB00244,9
DB00245,1565
DB00245,213
DB00245,1557
DB00245,6532
DB00245,6531
DB00245,6530
DB00245,1128
DB00245,3269
DB00246,1576
DB00246,316
DB00246,148
DB00246,1813
DB00246,1131
DB00246,1128
DB00246,3358
DB00246,1129
DB00246,147
DB00246,3269
DB00246,3352
DB00246,3351
DB00246,3350
DB00246,3354
DB00246,3363
DB00246,150
DB00246,1812
DB00246,1816
DB00246,3356
DB00246,1814
DB00246,1815
DB00246,3359
DB00246,3362
DB00246,151
DB00246,152
DB00246,1132
DB00246,1133
DB00247,1576
DB00247,3358
DB00247,3351
DB00247,3350
DB00247,3354
DB00247,3357
DB00247,3363
DB00247,3356
DB00248,1576
DB00248,5243
DB00248,148
DB00248,153
DB00248,1813
DB00248,3358
DB00248,154
DB00248,147
DB00248,146
DB00248,3352
DB00248,3351
DB00248,3350
DB00248,3357
DB00248,3363
DB00248,150
DB00248,1812
DB00248,1816
DB00248,3356
DB00248,1814
DB00248,1815
DB00248,151
DB00248,152
DB00250,4353
DB00250,1576
DB00250,1559
DB00250,5742
DB00250,5743
DB00250,1571
DB00250,1562
DB00250,1557
DB00250,1551
DB00250,1577
DB00250,1558
DB00250,2328
DB00250,10
DB00252,1576
DB00252,1565
DB00252,1559
DB00252,6906
DB00252,5243
DB00252,1244
DB00252,213
DB00252,1562
DB00252,1557
DB00252,1551
DB00252,1577
DB00252,1558
DB00252,8856
DB00252,1555
DB00252,54658
DB00252,6331
DB00252,54578
DB00252,54600
DB00252,6323
DB00252,6324
DB00252,6328
DB00252,1584
DB00252,53919
DB00253,1576
DB00253,2908
DB00253,866
DB00254,1576
DB00254,9356
DB00254,340273
DB00255,1576
DB00255,1559
DB00255,5243
DB00255,1571
DB00255,1588
DB00255,1558
DB00255,8647
DB00255,9429
DB00255,10599
DB00255,1312
DB00255,8856
DB00255,11309
DB00255,6462
DB00255,2104
DB00255,2101
DB00255,2099
DB00255,2100
DB00255,2103
DB00255,10499
DB00255,367
DB00255,7276
DB00257,1576
DB00257,1565
DB00257,1559
DB00257,5243
DB00257,1571
DB00257,1551
DB00257,1558
DB00257,8647
DB00257,10599
DB00257,8856
DB00257,1555
DB00257,1548
DB00257,3783
DB00257,338442
DB00258,2897
DB00258,5744
DB00259,1576
DB00259,1565
DB00259,1571
DB00259,1557
DB00260,1644
DB00261,1544
DB00261,5139
DB00262,1544
DB00262,2936
DB00263,1559
DB00264,1576
DB00264,1565
DB00264,5243
DB00264,213
DB00264,6582
DB00264,153
DB00264,154
DB00265,7421
DB00265,54657
DB00265,4914
DB00265,4780
DB00266,1559
DB00266,213
DB00266,1728
DB00266,79001
DB00266,1429
DB00268,1544
DB00268,148
DB00268,1813
DB00268,1814
DB00268,1815
DB00270,1576
DB00270,8647
DB00270,781
DB00270,775
DB00270,783
DB00270,8912
DB00270,9254
DB00270,776
DB00270,779
DB00272,3274
DB00273,1576
DB00273,1557
DB00273,2897
DB00273,2890
DB00273,2554
DB00273,759
DB00273,760
DB00273,762
DB00273,6323
DB00273,761
DB00274,213
DB00274,6564
DB00274,6565
DB00275,1244
DB00275,213
DB00275,8647
DB00275,10599
DB00275,185
DB00276,5243
DB00276,213
DB00276,3757
DB00276,7153
DB00276,5004
DB00277,1576
DB00277,1544
DB00277,1565
DB00277,1571
DB00277,1558
DB00277,1545
DB00277,5142
DB00277,1543
DB00277,10864
DB00277,100
DB00277,134
DB00277,135
DB00277,8654
DB00277,3066
DB00277,5139
DB00277,136
DB00277,5141
DB00277,8904
DB00277,81502
DB00277,23420
DB00277,142
DB00277,79608
DB00277,26140
DB00278,2147
DB00278,1576
DB00278,1577
DB00279,6906
DB00279,5243
DB00279,213
DB00279,6579
DB00279,6554
DB00279,10599
DB00279,117247
DB00279,9376
DB00279,54658
DB00279,8140
DB00279,53919
DB00279,7276
DB00279,7067
DB00279,7068
DB00279,5111
DB00279,353189
DB00279,28231
DB00280,1576
DB00280,1544
DB00280,6582
DB00280,6580
DB00280,3757
DB00280,1131
DB00280,1128
DB00280,6331
DB00280,1129
DB00280,5004
DB00280,3751
DB00280,3752
DB00280,5005
DB00281,1956
DB00281,1576
DB00281,1544
DB00281,1565
DB00281,1559
DB00281,5243
DB00281,1562
DB00281,1551
DB00281,1577
DB00281,1558
DB00281,6584
DB00281,1555
DB00281,1548
DB00281,6331
DB00281,5004
DB00281,5005
DB00281,6336
DB00281,6335
DB00281,6329
DB00282,2224
DB00283,1565
DB00283,3269
DB00284,8972
DB00284,279
DB00284,2548
DB00284,6476
DB00285,1576
DB00285,1565
DB00285,5243
DB00285,9429
DB00285,6532
DB00285,6531
DB00285,6530
DB00286,1576
DB00286,1544
DB00286,6906
DB00286,5243
DB00286,1244
DB00286,213
DB00286,8714
DB00286,6579
DB00286,6554
DB00286,9356
DB00286,9429
DB00286,10599
DB00286,4363
DB00286,1312
DB00286,9376
DB00286,10257
DB00286,85320
DB00286,11309
DB00286,55867
DB00286,6462
DB00286,53919
DB00286,2099
DB00286,2100
DB00286,28231
DB00286,200931
DB00286,123264
DB00286,28232
DB00287,5737
DB00288,1576
DB00288,2908
DB00288,301
DB00289,2209
DB00289,1565
DB00289,213
DB00289,1557
DB00289,2902
DB00289,6532
DB00289,6530
DB00289,4986
DB00289,5004
DB00289,3760
DB00290,3978
DB00290,3980
DB00290,642
DB00291,6579
DB00291,2950
DB00292,1588
DB00292,2554
DB00292,151
DB00292,1584
DB00292,1585
DB00292,6513
DB00293,2356
DB00293,7298
DB00294,1576
DB00294,213
DB00294,6462
DB00294,2099
DB00294,5241
DB00295,1576
DB00295,1565
DB00295,5243
DB00295,213
DB00295,1558
DB00295,54658
DB00295,7366
DB00295,4988
DB00295,4986
DB00295,4985
DB00295,54659
DB00295,54576
DB00295,7364
DB00295,23643
DB00295,7363
DB00296,1576
DB00296,1544
DB00296,1555
DB00296,6336
DB00297,1576
DB00297,1565
DB00297,1557
DB00297,6336
DB00297,5731
DB00298,148
DB00298,147
DB00298,146
DB00300,5243
DB00300,1244
DB00300,9356
DB00300,89845
DB00300,9376
DB00300,10257
DB00300,204
DB00300,205
DB00301,1576
DB00301,8647
DB00302,5340
DB00302,6565
DB00304,1576
DB00304,1559
DB00304,213
DB00304,54658
DB00304,6462
DB00304,2099
DB00304,5241
DB00305,5447
DB00306,1139
DB00306,2891
DB00306,2898
DB00306,1137
DB00306,2554
DB00306,2555
DB00306,2556
DB00306,2557
DB00306,2558
DB00306,2559
DB00307,1576
DB00307,1559
DB00307,1558
DB00307,6256
DB00307,6258
DB00307,6257
DB00308,786
DB00308,3757
DB00308,3767
DB00308,781
DB00308,775
DB00308,782
DB00308,3775
DB00308,81033
DB00308,90134
DB00309,1576
DB00309,81027
DB00310,213
DB00310,6557
DB00310,759
DB00312,1576
DB00312,1557
DB00312,1139
DB00312,2902
DB00312,2891
DB00312,2898
DB00312,8856
DB00312,1548
DB00312,1137
DB00312,2554
DB00312,2555
DB00312,2556
DB00312,2557
DB00312,2558
DB00312,2559
DB00313,1576
DB00313,1544
DB00313,1559
DB00313,5742
DB00313,213
DB00313,1562
DB00313,1557
DB00313,1577
DB00313,1558
DB00313,9356
DB00313,6566
DB00313,6584
DB00313,5465
DB00313,5467
DB00313,5468
DB00313,7915
DB00313,9376
DB00313,4967
DB00313,1555
DB00313,1548
DB00313,54658
DB00313,11309
DB00313,10864
DB00313,7366
DB00313,54659
DB00313,54657
DB00313,54578
DB00313,54576
DB00313,54600
DB00313,54575
DB00313,7364
DB00313,3066
DB00313,6323
DB00313,36
DB00313,9734
DB00315,1544
DB00315,4128
DB00315,3352
DB00315,3351
DB00315,3350
DB00316,1576
DB00316,1544
DB00316,1565
DB00316,5243
DB00316,5742
DB00316,5743
DB00316,1571
DB00316,7442
DB00316,2950
DB00316,1548
DB00316,54658
DB00316,7366
DB00316,54578
DB00316,54600
DB00316,10
DB00316,2166
DB00316,6817
DB00316,6818
DB00317,1956
DB00317,1576
DB00317,1565
DB00317,1559
DB00317,5243
DB00317,213
DB00317,1557
DB00317,1577
DB00317,9429
DB00317,1543
DB00317,5004
DB00318,1576
DB00318,1565
DB00318,6580
DB00318,4988
DB00318,4986
DB00318,4985
DB00318,7364
DB00318,7363
DB00319,9356
DB00319,9376
DB00320,1576
DB00320,5243
DB00320,3352
DB00320,3351
DB00320,3357
DB00320,150
DB00321,1576
DB00321,1544
DB00321,1565
DB00321,1559
DB00321,5243
DB00321,213
DB00321,1557
DB00321,1577
DB00321,1558
DB00321,1555
DB00321,54658
DB00321,6532
DB00321,6530
DB00321,148
DB00321,1128
DB00321,4988
DB00321,3358
DB00321,4986
DB00321,4985
DB00321,147
DB00321,146
DB00321,3269
DB00321,3352
DB00321,3351
DB00321,3350
DB00321,3363
DB00321,150
DB00321,3736
DB00321,5004
DB00321,3356
DB00321,3362
DB00321,3274
DB00321,4914
DB00321,4915
DB00321,3785
DB00321,10280
DB00321,3786
DB00322,1559
DB00322,6906
DB00322,7298
DB00322,1890
DB00323,1559
DB00323,1312
DB00324,1576
DB00324,2908
DB00324,866
DB00325,1543
DB00325,4881
DB00327,1576
DB00327,1559
DB00327,213
DB00327,4988
DB00327,4986
DB00327,4985
DB00327,54659
DB00327,7364
DB00328,1559
DB00328,5243
DB00328,5742
DB00328,5743
DB00328,1244
DB00328,213
DB00328,1557
DB00328,8714
DB00328,8647
DB00328,6579
DB00328,6554
DB00328,9356
DB00328,10599
DB00328,4363
DB00328,5465
DB00328,5468
DB00328,9376
DB00328,2739
DB00328,10257
DB00328,8644
DB00328,85320
DB00328,54658
DB00328,55867
DB00328,10864
DB00328,54600
DB00328,7364
DB00328,1066
DB00328,5320
DB00328,145482
DB00328,11251
DB00328,368
DB00331,6582
DB00331,6580
DB00331,6581
DB00331,5564
DB00331,2819
DB00331,55244
DB00331,146802
DB00332,213
DB00332,6584
DB00332,6583
DB00332,1131
DB00332,1128
DB00332,1129
DB00332,5004
DB00333,1576
DB00333,1544
DB00333,1565
DB00333,1559
DB00333,6906
DB00333,5243
DB00333,1588
DB00333,1562
DB00333,1557
DB00333,1551
DB00333,1577
DB00333,1558
DB00333,116443
DB00333,1555
DB00333,4988
DB00333,4985
DB00333,3359
DB00333,5005
DB00333,23643
DB00334,1576
DB00334,1544
DB00334,1565
DB00334,1559
DB00334,5243
DB00334,213
DB00334,1557
DB00334,148
DB00334,153
DB00334,1813
DB00334,1131
DB00334,1128
DB00334,2554
DB00334,3358
DB00334,54657
DB00334,1129
DB00334,147
DB00334,3269
DB00334,3350
DB00334,5004
DB00334,1812
DB00334,1816
DB00334,3356
DB00334,1814
DB00334,1815
DB00334,3359
DB00334,3362
DB00334,1132
DB00334,2328
DB00335,1565
DB00335,213
DB00335,8647
DB00335,153
DB00335,154
DB00336,7498
DB00337,1576
DB00337,2475
DB00337,2280
DB00338,1576
DB00338,1544
DB00338,1565
DB00338,1559
DB00338,5243
DB00338,1562
DB00338,1557
DB00338,1558
DB00338,8714
DB00338,9429
DB00338,1545
DB00338,1543
DB00338,495
DB00338,196
DB00339,1576
DB00339,7498
DB00339,316
DB00340,1131
DB00340,1128
DB00340,1129
DB00340,1132
DB00340,1133
DB00341,5243
DB00341,3269
DB00342,1576
DB00342,1565
DB00342,5243
DB00342,1551
DB00342,1577
DB00342,1558
DB00342,8647
DB00342,1573
DB00342,3757
DB00342,1131
DB00342,1128
DB00342,1129
DB00342,3269
DB00342,1132
DB00342,1133
DB00343,1576
DB00343,1565
DB00343,5243
DB00343,213
DB00343,1557
DB00343,1551
DB00343,1577
DB00343,1558
DB00343,786
DB00343,775
DB00343,5004
DB00344,1565
DB00344,5243
DB00344,6532
DB00344,6530
DB00345,1244
DB00345,6579
DB00345,9356
DB00345,10599
DB00345,4363
DB00345,6566
DB00345,6582
DB00345,6584
DB00345,6583
DB00345,9376
DB00345,55867
DB00345,10864
DB00345,28232
DB00346,1576
DB00346,3757
DB00346,148
DB00346,147
DB00346,146
DB00347,1576
DB00347,1559
DB00347,1571
DB00347,1557
DB00347,1558
DB00347,8913
DB00348,3242
DB00349,1576
DB00349,1565
DB00349,5243
DB00349,1562
DB00349,1557
DB00349,1555
DB00349,2554
DB00349,6529
DB00350,5742
DB00350,54658
DB00350,3758
DB00350,5972
DB00351,1576
DB00351,5243
DB00351,2908
DB00351,5241
DB00352,10257
DB00352,3251
DB00353,1576
DB00353,3357
DB00353,1812
DB00354,1128
DB00354,3269
DB00356,1576
DB00356,1544
DB00356,1565
DB00356,1571
DB00356,1543
DB00356,1548
DB00356,3778
DB00357,1576
DB00357,1588
DB00357,1557
DB00357,1583
DB00358,1576
DB00358,1565
DB00358,5243
DB00358,1588
DB00358,590
DB00358,43
DB00358,135
DB00358,3039
DB00359,1576
DB00359,1559
DB00359,1571
DB00359,1558
DB00360,5743
DB00360,5053
DB00360,7054
DB00360,7166
DB00360,4846
DB00361,1576
DB00361,1565
DB00361,5243
DB00361,203068
DB00363,1576
DB00363,1544
DB00363,1565
DB00363,1559
DB00363,5243
DB00363,1571
DB00363,1557
DB00363,1558
DB00363,1545
DB00363,2950
DB00363,1543
DB00363,1548
DB00363,148
DB00363,1813
DB00363,1131
DB00363,1128
DB00363,3358
DB00363,54657
DB00363,1129
DB00363,147
DB00363,3269
DB00363,3352
DB00363,3351
DB00363,3350
DB00363,3354
DB00363,3363
DB00363,150
DB00363,1812
DB00363,3356
DB00363,1814
DB00363,1815
DB00363,3359
DB00363,3362
DB00363,151
DB00363,152
DB00363,1132
DB00363,1133
DB00363,2328
DB00363,50632
DB00364,2243
DB00364,2247
DB00364,1950
DB00365,1576
DB00365,1544
DB00365,5243
DB00365,1244
DB00365,9356
DB00365,4363
DB00365,6582
DB00365,6584
DB00366,1128
DB00366,3269
DB00366,9970
DB00367,1576
DB00367,1588
DB00367,6462
DB00367,2099
DB00367,367
DB00367,5241
DB00367,6715
DB00368,5053
DB00368,6582
DB00368,6580
DB00368,6581
DB00368,6584
DB00368,6571
DB00368,6530
DB00368,148
DB00368,153
DB00368,154
DB00368,6570
DB00368,147
DB00368,146
DB00368,150
DB00368,151
DB00368,152
DB00368,155
DB00368,5460
DB00369,9356
DB00369,1890
DB00370,1576
DB00370,1544
DB00370,1565
DB00370,6532
DB00370,148
DB00370,3358
DB00370,4986
DB00370,3269
DB00370,150
DB00370,3356
DB00371,1571
DB00371,1557
DB00371,2554
DB00371,2555
DB00371,2556
DB00371,2557
DB00371,2558
DB00371,2559
DB00372,1813
DB00372,1812
DB00372,1815
DB00373,1565
DB00373,5243
DB00373,1557
DB00373,153
DB00373,154
DB00374,1559
DB00374,5467
DB00374,64805
DB00374,5739
DB00376,1131
DB00376,1128
DB00376,1129
DB00376,1132
DB00376,1133
DB00377,1576
DB00377,1544
DB00377,1565
DB00377,3359
DB00378,1576
DB00378,5241
DB00379,1576
DB00379,1544
DB00379,1565
DB00379,1571
DB00379,1555
DB00379,6331
DB00379,196
DB00380,7153
DB00380,7155
DB00381,1576
DB00381,1565
DB00381,5243
DB00381,1577
DB00381,1558
DB00381,786
DB00381,1543
DB00381,1555
DB00381,759
DB00381,775
DB00381,782
DB00381,774
DB00381,55799
DB00381,6609
DB00381,8911
DB00382,1544
DB00382,5243
DB00382,590
DB00382,43
DB00382,1066
DB00383,1131
DB00383,1128
DB00383,1129
DB00384,1544
DB00384,6340
DB00384,6337
DB00384,6338
DB00384,6339
DB00385,7153
DB00387,1131
DB00387,1128
DB00387,1129
DB00387,1132
DB00388,1544
DB00388,4128
DB00388,148
DB00388,147
DB00388,146
DB00389,1588
DB00390,5243
DB00390,8647
DB00390,6579
DB00390,10599
DB00390,1583
DB00390,353189
DB00390,200931
DB00390,123264
DB00390,476
DB00391,590
DB00391,1813
DB00391,760
DB00391,1814
DB00391,761
DB00392,590
DB00392,116443
DB00392,1128
DB00392,1129
DB00393,1576
DB00393,1577
DB00393,775
DB00393,783
DB00393,776
DB00393,779
DB00393,782
DB00393,196
DB00393,778
DB00393,784
DB00393,785
DB00393,4306
DB00394,1576
DB00394,1577
DB00394,2908
DB00394,866
DB00395,1557
DB00395,2554
DB00395,2556
DB00395,2558
DB00395,2561
DB00395,2566
DB00396,1576
DB00396,1565
DB00396,1559
DB00396,5243
DB00396,1557
DB00396,1551
DB00396,1577
DB00396,8647
DB00396,6554
DB00396,9429
DB00396,10599
DB00396,4363
DB00396,1545
DB00396,6582
DB00396,6580
DB00396,6581
DB00396,1586
DB00396,1543
DB00396,1548
DB00396,6462
DB00396,2908
DB00396,4986
DB00396,5004
DB00396,2099
DB00396,2100
DB00396,367
DB00396,5241
DB00396,4306
DB00397,4128
DB00397,153
DB00397,154
DB00397,150
DB00397,1812
DB00398,1576
DB00398,1544
DB00398,1565
DB00398,1559
DB00398,5243
DB00398,2260
DB00398,1244
DB00398,1557
DB00398,1551
DB00398,1577
DB00398,1558
DB00398,9429
DB00398,10599
DB00398,5159
DB00398,10257
DB00398,1555
DB00398,54658
DB00398,54600
DB00398,673
DB00398,5894
DB00398,2324
DB00398,3791
DB00398,2322
DB00398,3815
DB00398,5979
DB00398,2321
DB00398,10928
DB00399,4363
DB00399,2224
DB00399,9453
DB00400,1576
DB00400,1544
DB00400,1565
DB00400,3859
DB00401,1576
DB00401,5243
DB00401,1551
DB00401,1577
DB00401,781
DB00401,775
DB00401,783
DB00401,776
DB00401,779
DB00402,1576
DB00402,1558
DB00402,2554
DB00402,2555
DB00402,2556
DB00402,2558
DB00403,886
DB00404,1576
DB00404,1559
DB00404,213
DB00404,1551
DB00404,1577
DB00404,2554
DB00404,706
DB00404,2555
DB00404,2556
DB00404,2557
DB00404,2558
DB00404,2559
DB00404,5004
DB00405,3269
DB00406,6580
DB00407,462
DB00407,3053
DB00408,6532
DB00408,6531
DB00408,6530
DB00408,148
DB00408,153
DB00408,1813
DB00408,1131
DB00408,1128
DB00408,3358
DB00408,1129
DB00408,147
DB00408,3269
DB00408,3352
DB00408,3351
DB00408,3350
DB00408,3354
DB00408,3363
DB00408,150
DB00408,1812
DB00408,1816
DB00408,3356
DB00408,1814
DB00408,1815
DB00408,3359
DB00408,3362
DB00408,151
DB00408,152
DB00408,1132
DB00408,1133
DB00408,3274
DB00408,3361
DB00409,1565
DB00409,1813
DB00409,3356
DB00409,1814
DB00409,1815
DB00409,10280
DB00411,5321
DB00411,43
DB00411,1135
DB00411,1131
DB00411,1128
DB00411,1129
DB00411,1132
DB00412,1576
DB00412,1544
DB00412,1565
DB00412,1559
DB00412,5742
DB00412,213
DB00412,1558
DB00412,8647
DB00412,10599
DB00412,5465
DB00412,5467
DB00412,5468
DB00412,6256
DB00412,2182
DB00412,1548
DB00412,6258
DB00412,6257
DB00413,6582
DB00413,6580
DB00413,6581
DB00413,1813
DB00413,3350
DB00413,150
DB00413,1814
DB00413,1815
DB00414,1559
DB00414,213
DB00414,3758
DB00414,873
DB00415,213
DB00415,6566
DB00415,6584
DB00415,6564
DB00415,6565
DB00415,7010
DB00416,1135
DB00417,6564
DB00418,1544
DB00418,1559
DB00418,1557
DB00418,1558
DB00418,1139
DB00418,2902
DB00418,2891
DB00418,2898
DB00418,1137
DB00418,2554
DB00418,2555
DB00418,2556
DB00418,2557
DB00418,2558
DB00418,2559
DB00419,7357
DB00420,1576
DB00420,1544
DB00420,1565
DB00420,1559
DB00420,1557
DB00420,148
DB00420,1813
DB00420,1131
DB00420,1128
DB00420,3358
DB00420,1129
DB00420,147
DB00420,146
DB00420,3269
DB00420,1812
DB00420,3356
DB00420,1815
DB00420,1132
DB00420,1133
DB00421,5243
DB00421,1244
DB00421,213
DB00421,1558
DB00421,8647
DB00421,6579
DB00421,786
DB00421,8856
DB00421,6462
DB00421,2908
DB00421,5004
DB00421,1584
DB00421,367
DB00421,1585
DB00421,5241
DB00421,6715
DB00421,4306
DB00422,6531
DB00422,6530
DB00422,3350
DB00423,759
DB00424,1131
DB00424,1128
DB00424,1129
DB00424,1132
DB00425,1576
DB00425,1544
DB00425,1565
DB00425,1559
DB00425,1557
DB00425,2554
DB00425,2555
DB00425,2556
DB00425,2566
DB00426,1576
DB00426,316
DB00427,3269
DB00428,1544
DB00428,5243
DB00428,1571
DB00428,1543
DB00428,6514
DB00429,5731
DB00430,213
DB00431,2741
DB00431,2743
DB00431,8001
DB00431,2742
DB00431,8856
DB00431,2560
DB00431,2562
DB00431,2569
DB00431,2099
DB00431,5241
DB00432,213
DB00432,9356
DB00432,2030
DB00432,7298
DB00432,1890
DB00432,7083
DB00432,9154
DB00432,3177
DB00433,1576
DB00433,1565
DB00433,148
DB00433,1813
DB00433,3269
DB00433,150
DB00434,1131
DB00434,1128
DB00434,3358
DB00434,54659
DB00434,1129
DB00434,3269
DB00434,3363
DB00434,3356
DB00435,1576
DB00435,1544
DB00435,3620
DB00435,217
DB00435,1555
DB00435,2977
DB00435,4489
DB00436,759
DB00436,760
DB00436,762
DB00436,3778
DB00436,6559
DB00436,7172
DB00437,7498
DB00437,9429
DB00437,6582
DB00437,9376
DB00437,316
DB00437,10864
DB00438,9356
DB00438,6584
DB00438,6564
DB00438,6565
DB00439,1576
DB00439,1565
DB00439,1559
DB00439,5243
DB00439,1244
DB00439,1551
DB00439,1577
DB00439,1558
DB00439,8647
DB00439,9429
DB00439,10599
DB00439,3156
DB00439,1555
DB00439,54658
DB00440,1576
DB00440,1559
DB00440,5243
DB00440,1558
DB00440,6582
DB00440,1719
DB00440,7298
DB00441,5243
DB00441,89845
DB00441,2030
DB00441,6240
DB00441,1633
DB00441,7298
DB00441,9154
DB00441,3177
DB00441,51727
DB00441,978
DB00443,1576
DB00443,5243
DB00443,1588
DB00443,2908
DB00444,1576
DB00444,1559
DB00444,1557
DB00444,1577
DB00444,9429
DB00444,7153
DB00444,368
DB00445,5321
DB00445,4363
DB00445,7364
DB00445,7153
DB00445,1105
DB00446,1576
DB00446,1557
DB00446,1551
DB00446,1577
DB00446,1558
DB00446,9356
DB00446,1604
DB00447,6564
DB00447,6565
DB00448,1576
DB00448,1565
DB00448,1559
DB00448,5243
DB00448,1562
DB00448,1557
DB00448,1558
DB00448,9429
DB00448,1545
DB00448,6582
DB00448,6580
DB00448,6581
DB00448,9376
DB00448,1543
DB00448,495
DB00448,4137
DB00449,590
DB00449,43
DB00449,148
DB00449,154
DB00449,150
DB00450,148
DB00450,1813
DB00451,6906
DB00451,5243
DB00451,3690
DB00451,213
DB00451,1558
DB00451,6579
DB00451,10599
DB00451,3685
DB00451,6567
DB00451,54658
DB00451,11309
DB00451,8140
DB00451,53919
DB00451,7276
DB00451,7067
DB00451,7068
DB00451,353189
DB00451,28231
DB00452,7852
DB00454,1576
DB00454,1544
DB00454,1565
DB00454,213
DB00454,1557
DB00454,2906
DB00454,2902
DB00454,2903
DB00454,2904
DB00454,2905
DB00454,1555
DB00454,6532
DB00454,6531
DB00454,6530
DB00454,1128
DB00454,4988
DB00454,4986
DB00454,1066
DB00454,5004
DB00455,1576
DB00455,1544
DB00455,1565
DB00455,1559
DB00455,5243
DB00455,1557
DB00455,1577
DB00455,1558
DB00455,8647
DB00455,1543
DB00455,1555
DB00455,3757
DB00455,3269
DB00456,213
DB00456,9356
DB00456,6584
DB00456,9376
DB00456,55867
DB00456,10864
DB00456,6564
DB00456,6565
DB00457,5243
DB00457,9429
DB00457,6580
DB00457,6581
DB00457,3757
DB00457,148
DB00457,147
DB00457,146
DB00457,150
DB00457,5004
DB00457,151
DB00458,1576
DB00458,1544
DB00458,1565
DB00458,5243
DB00458,1571
DB00458,213
DB00458,1562
DB00458,1557
DB00458,1551
DB00458,6582
DB00458,6581
DB00458,6583
DB00458,1555
DB00458,6532
DB00458,3757
DB00458,6531
DB00458,6530
DB00458,148
DB00458,1813
DB00458,1131
DB00458,1128
DB00458,3358
DB00458,1129
DB00458,147
DB00458,146
DB00458,3269
DB00458,3350
DB00458,3363
DB00458,5004
DB00458,1812
DB00458,3356
DB00458,3362
DB00458,1132
DB00458,1133
DB00458,3751
DB00458,3752
DB00458,5005
DB00458,3756
DB00459,213
DB00459,6256
DB00459,5947
DB00459,1592
DB00459,5916
DB00459,5915
DB00459,6258
DB00459,6257
DB00459,5914
DB00460,2215
DB00460,2214
DB00460,3563
DB00460,3554
DB00460,3683
DB00460,7054
DB00460,332
DB00460,760
DB00460,3949
DB00460,3091
DB00460,6777
DB00460,627
DB00460,1154
DB00460,2776
DB00460,3308
DB00460,4908
DB00460,1027
DB00460,7409
DB00460,2624
DB00460,6351
DB00461,4353
DB00461,1544
DB00461,1559
DB00461,5742
DB00461,5743
DB00461,213
DB00461,1109
DB00461,8644
DB00461,1645
DB00461,3290
DB00462,1131
DB00462,1128
DB00462,1129
DB00464,5624
DB00464,5627
DB00465,1559
DB00465,5742
DB00465,5743
DB00465,1558
DB00465,7364
DB00467,1544
DB00467,7153
DB00468,1576
DB00468,1544
DB00468,1565
DB00468,1559
DB00468,5243
DB00468,1571
DB00468,1557
DB00468,1551
DB00468,1577
DB00468,1558
DB00468,6579
DB00468,10599
DB00468,6582
DB00468,6580
DB00468,6584
DB00468,6583
DB00468,1543
DB00468,3783
DB00468,2815
DB00469,1559
DB00469,5742
DB00469,5743
DB00469,9376
DB00470,1576
DB00470,1559
DB00470,5243
DB00470,5742
DB00470,1557
DB00470,9429
DB00470,1543
DB00470,1548
DB00470,1268
DB00470,1269
DB00471,1576
DB00471,1559
DB00471,5742
DB00471,1558
DB00471,240
DB00471,1548
DB00471,11309
DB00471,10800
DB00472,1576
DB00472,1544
DB00472,1565
DB00472,1559
DB00472,5243
DB00472,213
DB00472,1557
DB00472,1577
DB00472,1555
DB00472,6532
DB00472,3757
DB00472,1135
DB00472,1136
DB00472,1143
DB00472,3358
DB00472,5004
DB00472,1163
DB00473,6331
DB00473,6336
DB00474,1557
DB00474,2554
DB00475,1576
DB00475,2554
DB00476,1544
DB00476,1565
DB00476,1559
DB00476,5243
DB00476,213
DB00476,6532
DB00476,6531
DB00476,6530
DB00476,5004
DB00477,1576
DB00477,1544
DB00477,1565
DB00477,5243
DB00477,1571
DB00477,213
DB00477,590
DB00477,8647
DB00477,3757
DB00477,148
DB00477,1813
DB00477,1131
DB00477,1128
DB00477,3358
DB00477,147
DB00477,3269
DB00477,3350
DB00477,3363
DB00477,150
DB00477,5004
DB00477,1812
DB00477,1816
DB00477,3356
DB00477,1814
DB00477,1815
DB00477,3362
DB00477,6609
DB00477,801
DB00480,5243
DB00480,5743
DB00480,51185
DB00480,8600
DB00480,1003
DB00481,1576
DB00481,5243
DB00481,1244
DB00481,213
DB00481,1588
DB00481,1558
DB00481,8714
DB00481,9429
DB00481,10599
DB00481,10257
DB00481,316
DB00481,1555
DB00481,54658
DB00481,54576
DB00481,54575
DB00481,5004
DB00481,2099
DB00481,2100
DB00481,5272
DB00481,7031
DB00482,1576
DB00482,1565
DB00482,1559
DB00482,5243
DB00482,5743
DB00482,1558
DB00482,8647
DB00482,9429
DB00482,10257
DB00482,760
DB00482,340273
DB00482,761
DB00482,5170
DB00483,43
DB00483,1135
DB00483,1128
DB00483,1129
DB00483,1133
DB00484,316
DB00484,150
DB00484,151
DB00484,152
DB00485,1576
DB00485,6564
DB00485,6565
DB00486,1559
DB00486,1571
DB00486,1558
DB00486,1268
DB00486,1269
DB00487,1544
DB00487,7153
DB00488,7421
DB00488,54657
DB00488,4914
DB00488,4780
DB00489,1565
DB00489,3757
DB00489,153
DB00489,154
DB00490,1576
DB00490,1565
DB00490,5243
DB00490,1551
DB00490,1577
DB00490,1813
DB00490,3350
DB00491,8972
DB00491,279
DB00491,2548
DB00491,23193
DB00491,2595
DB00492,1636
DB00492,6564
DB00492,6565
DB00493,213
DB00493,9356
DB00493,9376
DB00493,55867
DB00493,10864
DB00493,6564
DB00493,6565
DB00494,1565
DB00494,1312
DB00494,54600
DB00495,1576
DB00495,1559
DB00495,5243
DB00495,213
DB00495,1558
DB00495,9356
DB00495,9429
DB00495,6582
DB00495,9376
DB00495,10257
DB00495,10057
DB00495,1548
DB00495,54658
DB00495,55867
DB00495,10864
DB00495,7364
DB00495,7083
DB00495,9154
DB00495,3177
DB00495,7015
DB00496,1576
DB00496,1565
DB00496,1131
DB00496,1128
DB00496,1129
DB00496,1132
DB00496,1133
DB00497,1576
DB00497,1565
DB00497,213
DB00497,1577
DB00497,4988
DB00497,4986
DB00497,4985
DB00497,5004
DB00498,79001
DB00499,1576
DB00499,1544
DB00499,1557
DB00499,1577
DB00499,1545
DB00499,1543
DB00499,8856
DB00499,367
DB00499,196
DB00500,4353
DB00500,5742
DB00500,5743
DB00500,213
DB00500,9356
DB00500,6999
DB00501,1576
DB00501,1544
DB00501,1565
DB00501,1559
DB00501,5243
DB00501,1571
DB00501,1557
DB00501,1551
DB00501,1577
DB00501,1558
DB00501,8647
DB00501,9356
DB00501,6582
DB00501,6580
DB00501,6581
DB00501,6584
DB00501,6583
DB00501,9376
DB00501,55867
DB00501,10864
DB00501,2326
DB00501,55244
DB00501,146802
DB00501,2328
DB00501,1584
DB00501,3274
DB00502,1576
DB00502,1544
DB00502,1565
DB00502,1559
DB00502,5243
DB00502,1557
DB00502,1551
DB00502,1577
DB00502,2904
DB00502,1543
DB00502,6571
DB00502,1813
DB00502,54600
DB00502,1812
DB00502,3356
DB00502,1814
DB00502,873
DB00502,2847
DB00503,1576
DB00503,1544
DB00503,1565
DB00503,1559
DB00503,5243
DB00503,1571
DB00503,1244
DB00503,213
DB00503,1557
DB00503,1551
DB00503,1577
DB00503,1558
DB00503,8647
DB00503,6579
DB00503,9429
DB00503,10599
DB00503,4363
DB00503,8856
DB00503,1555
DB00503,54658
DB00503,11309
DB00503,64816
DB00504,4988
DB00507,6573
DB00508,5243
DB00508,590
DB00508,1813
DB00508,1128
DB00508,1129
DB00508,3357
DB00508,1812
DB00509,10599
DB00509,8140
DB00509,53919
DB00509,7067
DB00509,7068
DB00509,353189
DB00509,28231
DB00511,476
DB00512,213
DB00512,5004
DB00513,5340
DB00513,5327
DB00513,316
DB00513,4018
DB00514,1576
DB00514,1565
DB00514,1559
DB00514,1571
DB00514,1557
DB00514,1551
DB00514,1577
DB00514,1558
DB00514,1139
DB00514,116443
DB00514,1555
DB00514,6532
DB00514,6530
DB00514,1137
DB00514,1141
DB00514,1135
DB00514,1136
DB00514,1143
DB00514,4988
DB00514,4986
DB00514,4985
DB00514,10280
DB00514,10857
DB00514,1536
DB00515,4353
DB00515,1559
DB00515,5243
DB00515,5743
DB00515,7498
DB00515,1244
DB00515,213
DB00515,590
DB00515,1579
DB00515,8714
DB00515,9429
DB00515,2
DB00515,6582
DB00515,2944
DB00515,2950
DB00515,2952
DB00515,10057
DB00515,1728
DB00515,6647
DB00515,1555
DB00515,368
DB00515,4489
DB00515,4350
DB00515,7018
DB00515,475
DB00515,4502
DB00515,1317
DB00515,1318
DB00515,540
DB00515,538
DB00516,7421
DB00516,54657
DB00516,4914
DB00516,4780
DB00517,1131
DB00517,1128
DB00517,1129
DB00518,1576
DB00518,1544
DB00518,5243
DB00518,1557
DB00518,1543
DB00518,7846
DB00518,10383
DB00519,1636
DB00519,6564
DB00519,6565
DB00519,1066
DB00520,1576
DB00520,5243
DB00520,9356
DB00520,10599
DB00520,6580
DB00521,1565
DB00521,153
DB00521,154
DB00523,5243
DB00523,6256
DB00523,5916
DB00523,5915
DB00523,6258
DB00523,6257
DB00523,5914
DB00523,3486
DB00523,5673
DB00523,340665
DB00523,1382
DB00523,1381
DB00524,6559
DB00526,4353
DB00526,1571
DB00526,1244
DB00526,9429
DB00526,1545
DB00526,6582
DB00526,6581
DB00526,2944
DB00526,2950
DB00526,2952
DB00526,1543
DB00526,1728
DB00526,6647
DB00526,4489
DB00526,4502
DB00526,1317
DB00526,540
DB00526,538
DB00527,590
DB00527,6331
DB00527,6336
DB00527,801
DB00528,1576
DB00528,1565
DB00528,1551
DB00528,1577
DB00528,786
DB00529,9356
DB00529,6566
DB00530,1956
DB00530,1576
DB00530,1544
DB00530,1565
DB00530,5243
DB00530,213
DB00530,1577
DB00530,1558
DB00530,9429
DB00530,1545
DB00530,1543
DB00530,8856
DB00530,54658
DB00530,11309
DB00530,5004
DB00531,1576
DB00531,1559
DB00531,1562
DB00531,1557
DB00531,1577
DB00531,1558
DB00531,8856
DB00531,1555
DB00531,1548
DB00532,1544
DB00532,1565
DB00532,1559
DB00532,6906
DB00532,1557
DB00532,1558
DB00532,8856
DB00532,1555
DB00532,6331
DB00533,1576
DB00533,1544
DB00533,1559
DB00533,5742
DB00533,5743
DB00533,1558
DB00533,10257
DB00533,2006
DB00534,7915
DB00534,6557
DB00535,4353
DB00535,9356
DB00535,6584
DB00535,9376
DB00535,6564
DB00535,6565
DB00536,6582
DB00536,6580
DB00536,6581
DB00536,6584
DB00536,6583
DB00536,6035
DB00536,9376
DB00536,2593
DB00536,217
DB00536,55244
DB00536,146802
DB00536,1742
DB00537,1576
DB00537,1544
DB00537,5243
DB00537,213
DB00537,1551
DB00537,1577
DB00537,3757
DB00537,55244
DB00537,146802
DB00537,7153
DB00539,1576
DB00539,5243
DB00539,1543
DB00539,6462
DB00539,2099
DB00540,1576
DB00540,1544
DB00540,1565
DB00540,5742
DB00540,1571
DB00540,213
DB00540,1557
DB00540,1577
DB00540,6532
DB00540,6530
DB00540,148
DB00540,153
DB00540,1813
DB00540,1131
DB00540,1128
DB00540,3358
DB00540,1129
DB00540,147
DB00540,146
DB00540,3269
DB00540,3350
DB00540,150
DB00540,5004
DB00540,3356
DB00540,3362
DB00540,1132
DB00540,1133
DB00540,10857
DB00541,1576
DB00541,5243
DB00541,1244
DB00541,1551
DB00541,1577
DB00541,8714
DB00541,8647
DB00541,89845
DB00541,9429
DB00541,10599
DB00541,4363
DB00541,6581
DB00541,203068
DB00541,10928
DB00541,7277
DB00542,4524
DB00542,1636
DB00542,6564
DB00542,6565
DB00543,1565
DB00543,6532
DB00543,6531
DB00543,6530
DB00543,148
DB00543,1813
DB00543,1128
DB00543,2554
DB00543,3358
DB00543,3269
DB00543,3351
DB00543,3350
DB00543,3357
DB00543,3363
DB00543,150
DB00543,5004
DB00543,1812
DB00543,3356
DB00543,1814
DB00543,1815
DB00543,3359
DB00543,3362
DB00544,1544
DB00544,1559
DB00544,6906
DB00544,213
DB00544,1558
DB00544,8714
DB00544,9429
DB00544,4524
DB00544,5471
DB00544,10257
DB00544,10057
DB00544,1548
DB00544,10864
DB00544,2030
DB00544,7298
DB00544,1890
DB00544,1806
DB00544,7378
DB00544,151531
DB00544,7372
DB00545,1576
DB00545,213
DB00545,590
DB00545,43
DB00547,2908
DB00548,7299
DB00548,6718
DB00548,6716
DB00549,1576
DB00549,1544
DB00549,1559
DB00549,5742
DB00549,1571
DB00549,1557
DB00549,1558
DB00549,9429
DB00549,10800
DB00550,4353
DB00550,1621
DB00550,1543
DB00551,4321
DB00552,100
DB00553,1544
DB00553,1543
DB00553,1548
DB00553,1553
DB00554,1559
DB00554,5742
DB00554,5743
DB00554,213
DB00554,1558
DB00554,9356
DB00554,9376
DB00554,11309
DB00554,55867
DB00555,5243
DB00555,6582
DB00555,1719
DB00555,54658
DB00555,148
DB00555,153
DB00555,1813
DB00555,1128
DB00555,2554
DB00555,4986
DB00555,54659
DB00555,54657
DB00555,134
DB00555,135
DB00555,3269
DB00555,150
DB00555,1812
DB00555,3356
DB00555,3359
DB00555,777
DB00555,6326
DB00557,1565
DB00557,3269
DB00558,4759
DB00559,1576
DB00559,1559
DB00559,8647
DB00559,1909
DB00559,1910
DB00561,3777
DB00561,51305
DB00562,759
DB00562,760
DB00562,762
DB00562,6559
DB00562,768
DB00562,771
DB00563,1576
DB00563,5243
DB00563,1244
DB00563,213
DB00563,8714
DB00563,6579
DB00563,9356
DB00563,89845
DB00563,9429
DB00563,10599
DB00563,4524
DB00563,4363
DB00563,6566
DB00563,9376
DB00563,2356
DB00563,10257
DB00563,1719
DB00563,316
DB00563,2348
DB00563,8836
DB00563,85320
DB00563,113235
DB00563,55867
DB00563,10864
DB00563,53919
DB00563,353189
DB00563,28232
DB00563,7298
DB00563,6573
DB00563,5226
DB00563,471
DB00564,1576
DB00564,1544
DB00564,1559
DB00564,6906
DB00564,5243
DB00564,1244
DB00564,1557
DB00564,1551
DB00564,1577
DB00564,1558
DB00564,8856
DB00564,1555
DB00564,54658
DB00564,1137
DB00564,1141
DB00564,6331
DB00564,7364
DB00564,10928
DB00565,1135
DB00567,213
DB00567,9356
DB00567,6584
DB00567,9376
DB00567,6564
DB00567,6565
DB00567,55244
DB00568,1576
DB00568,1544
DB00568,1565
DB00568,1559
DB00568,1543
DB00568,1555
DB00568,1548
DB00568,1813
DB00568,1128
DB00568,3269
DB00568,775
DB00568,1812
DB00568,8912
DB00568,776
DB00568,779
DB00568,8913
DB00568,8911
DB00568,778
DB00569,2159
DB00569,462
DB00570,1576
DB00570,1565
DB00570,5243
DB00570,1244
DB00570,8647
DB00570,10599
DB00570,4363
DB00570,368
DB00570,203068
DB00570,7846
DB00570,51174
DB00570,7283
DB00570,51175
DB00570,3725
DB00571,1576
DB00571,1544
DB00571,1565
DB00571,5243
DB00571,1557
DB00571,1551
DB00571,1577
DB00571,6582
DB00571,4128
DB00571,1543
DB00571,153
DB00571,154
DB00571,3351
DB00571,3350
DB00571,5004
DB00571,155
DB00572,8647
DB00572,2741
DB00572,1137
DB00572,1141
DB00572,1131
DB00572,1128
DB00572,1129
DB00572,1132
DB00572,1133
DB00573,5742
DB00573,5743
DB00573,213
DB00573,5465
DB00573,5468
DB00574,1565
DB00574,6532
DB00574,3358
DB00574,3357
DB00574,3356
DB00575,1576
DB00575,1544
DB00575,1565
DB00575,5243
DB00575,1577
DB00575,6581
DB00575,6584
DB00575,6583
DB00575,1543
DB00575,148
DB00575,147
DB00575,146
DB00575,150
DB00575,151
DB00575,152
DB00576,1559
DB00576,213
DB00577,6555
DB00577,9356
DB00577,9376
DB00577,6564
DB00577,6565
DB00577,2987
DB00578,5321
DB00578,9356
DB00579,6532
DB00579,6571
DB00579,6531
DB00579,6530
DB00580,1576
DB00580,1559
DB00580,5743
DB00580,54600
DB00580,760
DB00580,761
DB00582,1576
DB00582,1559
DB00582,5742
DB00582,1557
DB00582,1551
DB00582,1577
DB00582,1555
DB00582,2326
DB00582,2328
DB00583,4353
DB00583,7498
DB00583,10599
DB00583,6584
DB00583,6583
DB00583,9376
DB00583,1066
DB00583,1384
DB00583,788
DB00583,54677
DB00583,1376
DB00583,1374
DB00583,85413
DB00584,1576
DB00584,5243
DB00584,213
DB00584,6579
DB00584,9356
DB00584,9376
DB00584,10864
DB00584,1636
DB00584,6564
DB00585,5243
DB00585,590
DB00585,3274
DB00586,1576
DB00586,1544
DB00586,1559
DB00586,5243
DB00586,5742
DB00586,5743
DB00586,1571
DB00586,213
DB00586,1562
DB00586,1557
DB00586,1558
DB00586,8647
DB00586,9356
DB00586,10599
DB00586,4363
DB00586,9376
DB00586,10257
DB00586,1543
DB00586,240
DB00586,1555
DB00586,54658
DB00586,55867
DB00586,7364
DB00586,53919
DB00586,7276
DB00586,6329
DB00586,3785
DB00586,3786
DB00586,5320
DB00586,41
DB00588,1576
DB00588,5243
DB00588,5321
DB00588,1551
DB00588,1577
DB00588,1558
DB00588,10599
DB00588,2908
DB00588,866
DB00588,5241
DB00588,4306
DB00589,1576
DB00589,1565
DB00589,1813
DB00589,3358
DB00589,3352
DB00589,3351
DB00589,3350
DB00589,3357
DB00589,3363
DB00589,150
DB00589,1812
DB00589,1816
DB00589,3356
DB00589,1814
DB00589,1815
DB00589,151
DB00589,152
DB00590,1576
DB00590,1565
DB00590,5243
DB00590,1557
DB00590,6580
DB00590,3757
DB00590,148
DB00590,147
DB00590,146
DB00590,5004
DB00590,81033
DB00590,90134
DB00591,1576
DB00591,302
DB00591,2908
DB00591,866
DB00591,301
DB00591,306
DB00591,307
DB00591,308
DB00592,1565
DB00592,2562
DB00593,1576
DB00593,1571
DB00593,8913
DB00593,64816
DB00594,5328
DB00594,6582
DB00594,6583
DB00594,6340
DB00594,6337
DB00594,6338
DB00594,6339
DB00594,41
DB00594,26
DB00594,40
DB00594,6548
DB00595,9356
DB00595,9376
DB00595,55867
DB00595,10864
DB00596,2908
DB00596,866
DB00598,1565
DB00598,1557
DB00598,148
DB00598,153
DB00598,154
DB00599,1576
DB00599,1571
DB00599,1557
DB00599,1139
DB00599,2891
DB00599,2898
DB00599,1137
DB00599,1131
DB00599,2554
DB00599,2555
DB00599,2556
DB00599,2557
DB00599,2558
DB00599,2559
DB00599,2166
DB00600,7299
DB00601,4128
DB00601,4129
DB00602,1576
DB00602,5243
DB00602,1244
DB00602,9429
DB00602,10599
DB00602,4363
DB00602,8001
DB00602,2562
DB00603,1576
DB00603,1559
DB00603,1558
DB00603,3284
DB00603,2099
DB00603,5241
DB00604,1576
DB00604,1565
DB00604,1559
DB00604,1557
DB00604,1551
DB00604,1577
DB00604,1558
DB00604,1555
DB00604,1548
DB00604,3757
DB00604,3356
DB00604,3359
DB00604,3360
DB00605,5742
DB00605,5743
DB00605,213
DB00605,9356
DB00605,5467
DB00605,231
DB00605,1543
DB00605,11251
DB00605,5595
DB00605,57016
DB00606,9356
DB00606,759
DB00606,760
DB00606,762
DB00606,486
DB00606,6424
DB00607,1576
DB00607,1544
DB00607,213
DB00607,9356
DB00608,7124
DB00608,1576
DB00608,1565
DB00608,5243
DB00608,1577
DB00608,1558
DB00608,2939
DB00608,1543
DB00608,54106
DB00610,148
DB00611,4988
DB00611,4986
DB00611,4985
DB00612,1576
DB00612,1565
DB00612,153
DB00612,154
DB00613,1565
DB00613,1559
DB00613,5243
DB00613,1558
DB00613,1545
DB00613,1543
DB00613,3176
DB00615,1576
DB00615,1565
DB00615,1559
DB00615,5243
DB00615,1557
DB00615,1558
DB00615,1555
DB00615,3320
DB00615,7184
DB00617,1576
DB00617,1559
DB00617,1571
DB00617,1558
DB00617,8911
DB00619,1576
DB00619,1544
DB00619,1565
DB00619,1559
DB00619,5243
DB00619,5742
DB00619,213
DB00619,1557
DB00619,1551
DB00619,1577
DB00619,1558
DB00619,8647
DB00619,9429
DB00619,5159
DB00619,5156
DB00619,6582
DB00619,6580
DB00619,5004
DB00619,4914
DB00619,3815
DB00619,5979
DB00619,1436
DB00619,780
DB00619,25
DB00619,21
DB00620,1576
DB00620,5743
DB00620,590
DB00620,2908
DB00620,866
DB00621,1559
DB00621,367
DB00622,1576
DB00622,1565
DB00622,5243
DB00622,1571
DB00622,1557
DB00622,1577
DB00622,1558
DB00622,8647
DB00622,10599
DB00622,1555
DB00622,148
DB00622,1131
DB00622,1128
DB00622,5136
DB00622,1129
DB00622,147
DB00622,146
DB00622,781
DB00622,775
DB00622,1132
DB00622,1133
DB00622,783
DB00622,776
DB00622,801
DB00622,5153
DB00623,1565
DB00623,5243
DB00623,1571
DB00623,1813
DB00623,3358
DB00623,1812
DB00623,3356
DB00623,367
DB00623,801
DB00624,1576
DB00624,1559
DB00624,5243
DB00624,213
DB00624,1588
DB00624,1557
DB00624,1551
DB00624,1577
DB00624,1558
DB00624,6579
DB00624,6554
DB00624,9429
DB00624,1545
DB00624,6581
DB00624,6583
DB00624,9376
DB00624,4128
DB00624,1583
DB00624,1543
DB00624,1555
DB00624,10864
DB00624,6462
DB00624,1553
DB00624,2099
DB00624,367
DB00624,4306
DB00624,64816
DB00625,1576
DB00625,1544
DB00625,1565
DB00625,1559
DB00625,213
DB00625,1557
DB00625,1551
DB00625,1577
DB00625,1558
DB00625,8647
DB00625,6580
DB00625,1555
DB00625,54658
DB00626,3416
DB00626,2
DB00627,1565
DB00627,6906
DB00627,9123
DB00627,6566
DB00627,6584
DB00627,11309
DB00627,338442
DB00627,23475
DB00627,4837
DB00627,160728
DB00628,1576
DB00628,2554
DB00628,706
DB00629,1544
DB00629,150
DB00629,151
DB00630,2224
DB00630,5775
DB00630,5802
DB00630,5791
DB00630,523
DB00631,9429
DB00631,6240
DB00631,5422
DB00631,1633
DB00632,51284
DB00633,1544
DB00633,1565
DB00633,1571
DB00633,1543
DB00633,150
DB00635,1576
DB00635,5243
DB00635,213
DB00635,1557
DB00635,6579
DB00635,3290
DB00635,2908
DB00636,1576
DB00636,6906
DB00636,1571
DB00636,1579
DB00636,5465
DB00636,2939
DB00636,1543
DB00636,1555
DB00636,1548
DB00637,1576
DB00637,1565
DB00637,5243
DB00637,1551
DB00637,1577
DB00637,8647
DB00637,1573
DB00637,3757
DB00637,3269
DB00637,4137
DB00637,3756
DB00640,132
DB00640,100
DB00640,134
DB00640,135
DB00640,136
DB00640,140
DB00641,1576
DB00641,1565
DB00641,1559
DB00641,5243
DB00641,1244
DB00641,1557
DB00641,1551
DB00641,1577
DB00641,1558
DB00641,8647
DB00641,6579
DB00641,10599
DB00641,3683
DB00641,3156
DB00641,1555
DB00641,54658
DB00641,54659
DB00641,7364
DB00641,3689
DB00642,9376
DB00642,1719
DB00642,2030
DB00642,1633
DB00642,7298
DB00642,471
DB00642,2618
DB00643,1576
DB00643,1543
DB00643,7846
DB00643,10383
DB00644,2798
DB00645,6336
DB00646,1576
DB00646,10599
DB00647,1576
DB00647,1565
DB00647,1558
DB00647,4988
DB00647,4986
DB00647,4985
DB00647,1066
DB00648,1576
DB00648,6906
DB00648,6462
DB00648,866
DB00648,1584
DB00648,2099
DB00648,367
DB00648,5241
DB00648,2230
DB00649,213
DB00649,9356
DB00649,9154
DB00650,9376
DB00651,5142
DB00651,5144
DB00651,134
DB00651,135
DB00651,5141
DB00651,5143
DB00651,5150
DB00652,4988
DB00652,4986
DB00652,10280
DB00653,786
DB00653,781
DB00653,775
DB00653,783
DB00653,779
DB00653,782
DB00654,6580
DB00654,11309
DB00654,5737
DB00655,1576
DB00655,1544
DB00655,1559
DB00655,5243
DB00655,1571
DB00655,213
DB00655,1588
DB00655,1579
DB00655,1577
DB00655,6579
DB00655,9429
DB00655,10599
DB00655,1545
DB00655,9376
DB00655,1543
DB00655,1555
DB00655,11309
DB00655,6462
DB00655,2099
DB00655,2100
DB00655,367
DB00656,1576
DB00656,1565
DB00656,5243
DB00656,1551
DB00656,1577
DB00656,6532
DB00656,148
DB00656,3358
DB00656,3269
DB00656,3350
DB00656,150
DB00656,5004
DB00656,3356
DB00657,1139
DB00657,1137
DB00657,1141
DB00657,1135
DB00659,2902
DB00659,206358
DB00659,2554
DB00659,2915
DB00661,1576
DB00661,1544
DB00661,1565
DB00661,1559
DB00661,5243
DB00661,1244
DB00661,1562
DB00661,1557
DB00661,1551
DB00661,1577
DB00661,1558
DB00661,8714
DB00661,8647
DB00661,6579
DB00661,89845
DB00661,9429
DB00661,10599
DB00661,4363
DB00661,6580
DB00661,6584
DB00661,6583
DB00661,10257
DB00661,1555
DB00661,6532
DB00661,3757
DB00661,148
DB00661,6331
DB00661,147
DB00661,146
DB00661,3767
DB00661,775
DB00661,783
DB00661,776
DB00661,779
DB00661,782
DB00661,8913
DB00661,774
DB00661,8911
DB00661,778
DB00661,784
DB00661,785
DB00661,773
DB00663,1576
DB00663,2908
DB00663,866
DB00665,1557
DB00665,1558
DB00665,5447
DB00665,367
DB00666,2798
DB00668,7124
DB00668,1576
DB00668,1559
DB00668,1312
DB00668,6582
DB00668,6580
DB00668,4128
DB00668,148
DB00668,153
DB00668,154
DB00668,147
DB00668,146
DB00668,150
DB00668,151
DB00669,5243
DB00669,6579
DB00669,9429
DB00669,10599
DB00669,4128
DB00669,3352
DB00669,3351
DB00669,3350
DB00670,1128
DB00671,6584
DB00671,6564
DB00671,6565
DB00672,1559
DB00672,5742
DB00672,1557
DB00672,9356
DB00672,6564
DB00672,6565
DB00672,6833
DB00673,1576
DB00673,1559
DB00673,1557
DB00673,1551
DB00673,1577
DB00673,6869
DB00674,1576
DB00674,1565
DB00674,590
DB00674,43
DB00674,1139
DB00674,1137
DB00674,1141
DB00674,1135
DB00674,1136
DB00674,1138
DB00674,8973
DB00674,55584
DB00674,1142
DB00674,1143
DB00674,1134
DB00674,1140
DB00674,1144
DB00674,1146
DB00674,1145
DB00675,1576
DB00675,1565
DB00675,1559
DB00675,6906
DB00675,5243
DB00675,1571
DB00675,1244
DB00675,1588
DB00675,1557
DB00675,1551
DB00675,1577
DB00675,1558
DB00675,8647
DB00675,9429
DB00675,1545
DB00675,5578
DB00675,1543
DB00675,8856
DB00675,1555
DB00675,1548
DB00675,3757
DB00675,6462
DB00675,2326
DB00675,2104
DB00675,54575
DB00675,1066
DB00675,2328
DB00675,2099
DB00675,2100
DB00675,367
DB00675,6817
DB00675,10682
DB00677,213
DB00677,590
DB00677,43
DB00677,7018
DB00678,1576
DB00678,1559
DB00678,5243
DB00678,213
DB00678,1557
DB00678,1558
DB00678,8647
DB00678,9356
DB00678,54658
DB00678,185
DB00678,54659
DB00678,54575
DB00678,7364
DB00678,116085
DB00678,56606
DB00679,1565
DB00679,1571
DB00679,1557
DB00679,1558
DB00679,3757
DB00679,148
DB00679,1813
DB00679,147
DB00679,1812
DB00679,3356
DB00680,6331
DB00681,1576
DB00682,1576
DB00682,1544
DB00682,1559
DB00682,213
DB00682,1562
DB00682,1557
DB00682,1558
DB00682,8856
DB00682,79001
DB00682,5004
DB00683,1576
DB00683,1577
DB00683,2554
DB00683,54657
DB00683,2555
DB00683,2556
DB00683,2557
DB00683,2558
DB00683,2559
DB00685,1544
DB00685,7153
DB00686,2247
DB00686,2246
DB00686,2249
DB00687,1576
DB00687,2908
DB00687,367
DB00687,4306
DB00688,1576
DB00688,5243
DB00688,1244
DB00688,213
DB00688,1577
DB00688,1558
DB00688,9429
DB00688,10599
DB00688,3615
DB00688,3614
DB00688,54658
DB00688,54578
DB00688,54577
DB00688,54576
DB00688,54600
DB00688,54575
DB00688,7364
DB00688,1066
DB00688,8824
DB00689,6584
DB00690,1576
DB00690,5243
DB00690,1571
DB00690,6582
DB00690,1548
DB00690,2554
DB00690,2555
DB00690,2556
DB00690,2557
DB00690,2558
DB00690,2559
DB00690,2560
DB00690,2561
DB00690,2562
DB00690,2565
DB00690,2566
DB00690,2563
DB00690,2564
DB00690,2569
DB00690,2570
DB00690,200959
DB00690,55879
DB00691,1636
DB00691,6564
DB00691,6565
DB00691,59272
DB00692,148
DB00692,147
DB00692,146
DB00692,150
DB00693,8647
DB00693,9356
DB00693,4363
DB00693,1543
DB00694,1576
DB00694,5243
DB00694,7498
DB00694,1244
DB00694,1577
DB00694,8647
DB00694,89845
DB00694,9429
DB00694,4363
DB00694,1545
DB00694,1543
DB00694,5447
DB00694,7153
DB00694,368
DB00694,7155
DB00695,6906
DB00695,1244
DB00695,213
DB00695,9356
DB00695,6578
DB00695,6584
DB00695,9376
DB00695,54658
DB00695,55867
DB00695,6557
DB00695,760
DB00695,5226
DB00696,1576
DB00696,5243
DB00696,6530
DB00696,148
DB00696,1813
DB00696,3358
DB00696,147
DB00696,146
DB00696,3352
DB00696,3351
DB00696,3350
DB00696,3357
DB00696,150
DB00696,1812
DB00696,3356
DB00696,151
DB00697,1544
DB00697,148
DB00697,150
DB00697,11188
DB00698,5243
DB00698,1244
DB00698,8647
DB00698,9429
DB00698,5447
DB00699,1565
DB00699,148
DB00700,1576
DB00700,1551
DB00700,1577
DB00700,1585
DB00700,4306
DB00701,1576
DB00701,1565
DB00701,1559
DB00701,5243
DB00701,1557
DB00701,1577
DB00701,1558
DB00701,10599
DB00701,4363
DB00701,1555
DB00702,279
DB00703,1576
DB00703,1565
DB00703,1571
DB00703,1557
DB00703,9356
DB00703,759
DB00703,760
DB00703,762
DB00703,761
DB00704,54658
DB00704,4988
DB00704,4986
DB00704,4985
DB00704,10280
DB00705,1576
DB00705,1565
DB00705,1559
DB00705,1557
DB00705,1551
DB00705,1577
DB00705,1558
DB00706,1576
DB00706,1565
DB00706,148
DB00706,147
DB00706,146
DB00706,5004
DB00707,2209
DB00707,3949
DB00708,1576
DB00708,4988
DB00708,4986
DB00708,4985
DB00709,5243
DB00709,1244
DB00709,213
DB00709,8714
DB00709,9356
DB00709,9429
DB00709,4363
DB00709,5130
DB00709,6582
DB00709,6580
DB00709,6581
DB00709,10257
DB00709,1633
DB00709,51727
DB00709,5230
DB00709,4830
DB00709,4831
DB00709,5833
DB00709,30833
DB00710,2224
DB00711,5742
DB00711,590
DB00711,240
DB00712,1559
DB00712,5742
DB00712,5743
DB00712,213
DB00712,9356
DB00712,10257
DB00712,54658
DB00712,54659
DB00712,54600
DB00712,7364
DB00712,7363
DB00713,6564
DB00713,6565
DB00714,1813
DB00714,3358
DB00714,3352
DB00714,3351
DB00714,3350
DB00714,3357
DB00714,150
DB00714,1812
DB00714,1816
DB00714,3356
DB00714,1814
DB00714,1815
DB00714,151
DB00714,152
DB00714,50632
DB00715,1576
DB00715,1544
DB00715,1565
DB00715,1559
DB00715,5243
DB00715,1558
DB00715,1555
DB00715,6532
DB00715,6530
DB00715,1131
DB00715,1128
DB00715,1129
DB00715,3356
DB00715,1132
DB00715,1133
DB00716,10800
DB00716,3320
DB00716,57105
DB00716,2357
DB00716,5729
DB00717,1576
DB00717,5243
DB00717,213
DB00717,1557
DB00717,1551
DB00717,1577
DB00717,6462
DB00717,5241
DB00718,9356
DB00718,6581
DB00718,10257
DB00718,10057
DB00718,204
DB00718,205
DB00718,4830
DB00718,4831
DB00719,1576
DB00719,3269
DB00720,5743
DB00720,291
DB00720,292
DB00720,293
DB00721,590
DB00721,4128
DB00721,116443
DB00721,6531
DB00721,1135
DB00721,3359
DB00721,6336
DB00721,3778
DB00722,1636
DB00723,148
DB00723,147
DB00723,146
DB00724,1576
DB00724,51284
DB00724,51311
DB00725,1131
DB00725,1128
DB00725,1129
DB00725,1132
DB00725,1133
DB00726,1576
DB00726,1565
DB00726,1559
DB00726,5243
DB00726,1557
DB00726,6532
DB00726,6531
DB00726,6530
DB00726,148
DB00726,153
DB00726,1813
DB00726,1128
DB00726,3358
DB00726,147
DB00726,3269
DB00726,3352
DB00726,3350
DB00726,150
DB00726,1812
DB00726,3356
DB00726,3359
DB00726,151
DB00727,217
DB00727,4881
DB00728,6579
DB00728,6580
DB00728,1135
DB00728,1129
DB00728,3359
DB00730,1544
DB00730,1543
DB00731,1576
DB00731,1565
DB00731,1559
DB00731,5742
DB00731,213
DB00731,1551
DB00731,1577
DB00731,9356
DB00731,6566
DB00731,5468
DB00731,10257
DB00731,6564
DB00731,6565
DB00731,54600
DB00731,6833
DB00731,5004
DB00732,1135
DB00733,590
DB00733,43
DB00734,1576
DB00734,1565
DB00734,5243
DB00734,1551
DB00734,1577
DB00734,148
DB00734,1813
DB00734,3358
DB00734,147
DB00734,3269
DB00734,3352
DB00734,3350
DB00734,3363
DB00734,150
DB00734,1812
DB00734,3356
DB00734,1814
DB00734,1815
DB00734,151
DB00734,152
DB00735,6713
DB00736,1576
DB00736,5243
DB00736,1557
DB00736,9376
DB00736,23576
DB00736,495
DB00737,1565
DB00737,213
DB00737,3269
DB00737,9970
DB00738,1565
DB00738,1557
DB00738,1579
DB00738,1577
DB00738,1558
DB00738,1543
DB00738,1787
DB00740,1544
DB00740,9429
DB00740,23657
DB00740,1543
DB00740,6331
DB00741,1576
DB00741,5243
DB00741,1551
DB00741,1577
DB00741,1558
DB00741,6579
DB00741,9429
DB00741,9376
DB00741,3283
DB00741,3291
DB00741,6462
DB00741,2908
DB00741,866
DB00741,1584
DB00741,301
DB00741,1585
DB00742,5243
DB00743,213
DB00744,1576
DB00744,1544
DB00744,1559
DB00744,5742
DB00744,213
DB00744,240
DB00744,54600
DB00745,1576
DB00745,1544
DB00745,1559
DB00745,1557
DB00745,1577
DB00745,1555
DB00745,6531
DB00745,147
DB00746,7498
DB00746,351
DB00747,5243
DB00747,1137
DB00747,1141
DB00747,1131
DB00747,1128
DB00747,1129
DB00747,1132
DB00747,1133
DB00747,6476
DB00748,1576
DB00748,1571
DB00748,1557
DB00748,1558
DB00748,3269
DB00749,1559
DB00749,5742
DB00749,5743
DB00749,213
DB00749,9356
DB00749,6256
DB00749,54659
DB00749,54600
DB00749,54575
DB00749,7364
DB00750,6331
DB00751,1576
DB00751,1565
DB00751,5243
DB00751,1555
DB00751,148
DB00751,3269
DB00751,3363
DB00751,150
DB00751,3356
DB00751,3274
DB00752,1576
DB00752,1544
DB00752,1565
DB00752,1559
DB00752,1571
DB00752,1557
DB00752,4128
DB00752,1548
DB00752,4129
DB00753,1571
DB00753,213
DB00753,2890
DB00753,2741
DB00753,1555
DB00753,1137
DB00753,1141
DB00753,2554
DB00753,3736
DB00753,27032
DB00753,801
DB00754,6906
DB00754,8856
DB00754,6331
DB00755,1576
DB00755,1559
DB00755,213
DB00755,1562
DB00755,1579
DB00755,1551
DB00755,1577
DB00755,1558
DB00755,6256
DB00755,27306
DB00755,216
DB00755,8854
DB00755,1543
DB00755,1592
DB00755,5950
DB00755,1555
DB00755,1548
DB00755,5916
DB00755,5915
DB00755,6258
DB00755,6257
DB00755,5914
DB00755,340665
DB00755,1382
DB00755,1381
DB00755,9052
DB00755,190
DB00755,3933
DB00755,29991
DB00755,5166
DB00756,6392
DB00756,2746
DB00756,2099
DB00757,1576
DB00757,1565
DB00757,1559
DB00757,3359
DB00758,1576
DB00758,1544
DB00758,1559
DB00758,5243
DB00758,1557
DB00758,1577
DB00758,1558
DB00758,6582
DB00758,6580
DB00758,1555
DB00758,1066
DB00758,64805
DB00759,1576
DB00759,213
DB00759,9356
DB00759,9376
DB00759,23569
DB00759,11309
DB00759,55867
DB00759,10864
DB00759,5621
DB00761,6557
DB00761,6558
DB00761,57468
DB00761,9990
DB00761,10723
DB00761,6560
DB00762,1576
DB00762,5243
DB00762,1244
DB00762,213
DB00762,590
DB00762,1551
DB00762,1577
DB00762,9429
DB00762,10599
DB00762,4363
DB00762,6581
DB00762,1555
DB00762,54658
DB00762,54600
DB00762,1066
DB00762,8824
DB00762,7150
DB00762,116447
DB00763,1576
DB00763,1544
DB00763,1565
DB00763,1559
DB00763,1571
DB00763,1557
DB00763,1555
DB00763,1548
DB00764,1576
DB00764,1558
DB00764,2908
DB00764,5241
DB00765,7054
DB00768,1576
DB00768,5243
DB00768,213
DB00768,2326
DB00768,3269
DB00768,2328
DB00768,3274
DB00768,11255
DB00768,6271
DB00768,6283
DB00768,6285
DB00768,6284
DB00768,6273
DB00769,1576
DB00769,2908
DB00770,9356
DB00770,6578
DB00770,10257
DB00770,10057
DB00770,11309
DB00770,28232
DB00770,5731
DB00770,11251
DB00770,5732
DB00771,1128
DB00772,1544
DB00772,590
DB00772,1555
DB00773,1576
DB00773,1544
DB00773,5243
DB00773,5742
DB00773,5743
DB00773,1571
DB00773,1244
DB00773,1577
DB00773,1558
DB00773,8714
DB00773,89845
DB00773,9429
DB00773,4363
DB00773,2950
DB00773,2952
DB00773,54658
DB00773,7153
DB00773,368
DB00773,7155
DB00774,6557
DB00774,759
DB00774,760
DB00774,762
DB00774,3778
DB00774,476
DB00774,768
DB00774,771
DB00775,3690
DB00775,3674
DB00776,1576
DB00776,5243
DB00776,213
DB00776,1557
DB00776,1577
DB00776,54658
DB00776,6331
DB00777,148
DB00777,1813
DB00777,1131
DB00777,1128
DB00777,3358
DB00777,1129
DB00777,147
DB00777,146
DB00777,3269
DB00777,1812
DB00777,3356
DB00777,1815
DB00777,1132
DB00777,1133
DB00778,1576
DB00778,5243
DB00778,1555
DB00779,9356
DB00779,6999
DB00780,1576
DB00780,1565
DB00780,1571
DB00780,1557
DB00780,1551
DB00780,1577
DB00780,1558
DB00780,18
DB00780,2875
DB00780,84706
DB00780,4128
DB00780,4129
DB00780,64816
DB00780,8639
DB00781,6565
DB00782,1128
DB00783,1576
DB00783,1544
DB00783,1559
DB00783,5243
DB00783,213
DB00783,1557
DB00783,1551
DB00783,1577
DB00783,1558
DB00783,6579
DB00783,89845
DB00783,9429
DB00783,10599
DB00783,1545
DB00783,6582
DB00783,6580
DB00783,6581
DB00783,9376
DB00783,3294
DB00783,1543
DB00783,8856
DB00783,54658
DB00783,11309
DB00783,55867
DB00783,6462
DB00783,1137
DB00783,2104
DB00783,53919
DB00783,2099
DB00783,2100
DB00783,10499
DB00783,28231
DB00783,2852
DB00783,8678
DB00783,2169
DB00784,1559
DB00784,5742
DB00784,5743
DB00784,213
DB00784,1558
DB00784,54600
DB00785,1131
DB00785,1128
DB00785,1129
DB00785,1132
DB00785,1133
DB00787,6555
DB00787,9356
DB00787,6580
DB00787,9376
DB00787,55244
DB00787,146802
DB00788,1544
DB00788,1559
DB00788,5243
DB00788,5742
DB00788,5743
DB00788,213
DB00788,1558
DB00788,8647
DB00788,6579
DB00788,9356
DB00788,54659
DB00788,54578
DB00788,54577
DB00788,54576
DB00788,54600
DB00788,54575
DB00788,7364
DB00789,5226
DB00790,590
DB00790,1636
DB00790,6564
DB00790,6565
DB00790,6424
DB00791,2064
DB00791,2936
DB00791,231
DB00791,4842
DB00791,595
DB00791,5594
DB00791,4313
DB00791,4512
DB00791,7515
DB00791,7252
DB00792,1565
DB00792,3269
DB00794,1576
DB00794,1544
DB00794,1559
DB00794,1557
DB00794,1558
DB00794,1139
DB00794,2891
DB00794,2898
DB00794,1555
DB00794,54658
DB00794,1137
DB00794,2554
DB00794,2555
DB00794,2556
DB00794,2557
DB00794,2558
DB00794,2559
DB00795,5742
DB00795,5743
DB00795,1244
DB00795,9429
DB00795,10599
DB00795,5468
DB00795,23657
DB00795,113235
DB00795,240
DB00795,11309
DB00795,1147
DB00795,3551
DB00795,38
DB00795,6916
DB00795,5319
DB00796,1559
DB00796,5243
DB00796,5742
DB00796,1558
DB00796,185
DB00796,54659
DB00797,148
DB00797,3269
DB00797,150
DB00797,151
DB00797,152
DB00797,3274
DB00798,4036
DB00798,9356
DB00798,1719
DB00799,1558
DB00799,5916
DB00799,5915
DB00799,6257
DB00799,5914
DB00800,148
DB00800,147
DB00800,146
DB00800,150
DB00800,1812
DB00800,1816
DB00800,151
DB00800,152
DB00801,2554
DB00801,2555
DB00801,2556
DB00801,2558
DB00801,2560
DB00801,2561
DB00801,2562
DB00801,2565
DB00801,2566
DB00801,2563
DB00801,2564
DB00801,2569
DB00801,2570
DB00801,200959
DB00802,1576
DB00802,5243
DB00802,213
DB00802,1551
DB00802,1577
DB00802,4988
DB00802,5004
DB00804,1543
DB00804,1128
DB00804,1129
DB00805,1565
DB00805,43
DB00805,4128
DB00805,6532
DB00805,1813
DB00805,1128
DB00805,3358
DB00805,3357
DB00805,1812
DB00805,3356
DB00806,1544
DB00806,5142
DB00806,134
DB00806,135
DB00806,8654
DB00806,5141
DB00806,4907
DB00807,6336
DB00808,1576
DB00808,6559
DB00809,1131
DB00809,1128
DB00809,1129
DB00809,1132
DB00810,1565
DB00810,1135
DB00810,1128
DB00811,132
DB00811,3615
DB00811,3614
DB00811,2030
DB00811,22978
DB00811,5167
DB00812,1576
DB00812,1559
DB00812,5742
DB00812,5743
DB00812,9356
DB00812,9376
DB00812,55867
DB00812,5740
DB00813,1576
DB00813,5243
DB00813,213
DB00813,1551
DB00813,1577
DB00813,4988
DB00813,4986
DB00813,4985
DB00813,5004
DB00814,1576
DB00814,1559
DB00814,5742
DB00814,5743
DB00814,1558
DB00814,10257
DB00814,5226
DB00815,213
DB00816,154
DB00817,1544
DB00818,1544
DB00818,1559
DB00818,1571
DB00818,213
DB00818,1562
DB00818,1557
DB00818,1558
DB00818,1545
DB00818,1543
DB00818,1555
DB00818,54658
DB00818,2554
DB00818,54578
DB00818,54576
DB00818,54600
DB00818,2561
DB00818,2562
DB00818,6329
DB00818,2166
DB00818,6326
DB00819,1576
DB00819,9356
DB00819,759
DB00819,760
DB00819,762
DB00819,761
DB00819,771
DB00819,23632
DB00819,358
DB00820,1576
DB00820,1577
DB00820,8654
DB00820,50940
DB00821,5742
DB00821,5743
DB00821,9356
DB00822,1576
DB00822,1571
DB00822,1577
DB00822,8647
DB00822,1621
DB00822,217
DB00823,1576
DB00823,2099
DB00823,5241
DB00824,5142
DB00824,134
DB00824,135
DB00824,136
DB00824,5141
DB00824,140
DB00825,1576
DB00825,4986
DB00825,775
DB00825,79054
DB00825,8989
DB00825,162514
DB00826,1576
DB00827,1544
DB00827,9356
DB00829,1576
DB00829,1559
DB00829,5243
DB00829,5742
DB00829,1571
DB00829,213
DB00829,1562
DB00829,1557
DB00829,1551
DB00829,1577
DB00829,1558
DB00829,1555
DB00829,2554
DB00829,706
DB00829,2555
DB00829,2556
DB00829,2558
DB00829,2560
DB00829,2561
DB00829,2562
DB00829,2565
DB00829,2566
DB00829,2563
DB00829,2564
DB00829,2569
DB00829,2570
DB00829,200959
DB00829,55879
DB00830,6531
DB00830,6530
DB00831,1544
DB00831,5243
DB00831,7498
DB00831,148
DB00831,1813
DB00831,54657
DB00831,50632
DB00831,801
DB00831,7134
DB00831,6275
DB00832,8912
DB00832,8913
DB00832,8911
DB00833,4353
DB00833,8647
DB00833,9376
DB00833,6564
DB00833,6565
DB00834,1576
DB00834,1565
DB00834,1559
DB00834,5243
DB00834,1551
DB00834,1577
DB00834,1558
DB00834,8647
DB00834,10599
DB00834,4363
DB00834,8856
DB00834,2908
DB00834,5241
DB00834,354
DB00835,1576
DB00835,1571
DB00835,1557
DB00835,1558
DB00835,1555
DB00835,1131
DB00835,1128
DB00835,1129
DB00835,3269
DB00835,1132
DB00835,1133
DB00836,1576
DB00836,1565
DB00836,5243
DB00836,1558
DB00836,1555
DB00836,4988
DB00836,4986
DB00836,4985
DB00836,9970
DB00836,801
DB00836,773
DB00836,5443
DB00838,2908
DB00839,1559
DB00839,6833
DB00841,1312
DB00841,148
DB00841,153
DB00841,154
DB00841,2099
DB00842,1576
DB00842,2554
DB00842,7366
DB00842,54600
DB00842,7364
DB00842,2555
DB00842,2556
DB00842,2557
DB00842,2558
DB00842,2559
DB00842,2560
DB00842,2561
DB00842,2562
DB00842,2565
DB00842,2566
DB00842,2563
DB00842,2564
DB00842,2569
DB00842,2570
DB00842,200959
DB00842,55879
DB00842,64816
DB00843,1576
DB00843,1565
DB00843,1559
DB00843,43
DB00843,3356
DB00844,4988
DB00844,4986
DB00844,4985
DB00845,1576
DB00845,5243
DB00845,8647
DB00846,1576
DB00846,2908
DB00846,866
DB00847,4353
DB00847,6750
DB00847,4887
DB00848,1136
DB00849,1557
DB00849,1139
DB00849,2891
DB00849,2898
DB00849,8856
DB00849,1555
DB00849,1137
DB00849,2554
DB00849,2555
DB00849,2556
DB00849,2557
DB00849,2558
DB00849,2559
DB00850,1576
DB00850,1544
DB00850,1565
DB00850,1559
DB00850,1562
DB00850,1557
DB00850,1558
DB00850,1555
DB00850,1813
DB00850,1812
DB00850,801
DB00851,1544
DB00851,1571
DB00851,1543
DB00851,5226
DB00851,23649
DB00852,7124
DB00852,1565
DB00852,4128
DB00852,6532
DB00852,6531
DB00852,6530
DB00852,148
DB00852,153
DB00852,154
DB00852,150
DB00852,4772
DB00852,466
DB00852,3558
DB00853,1576
DB00854,4988
DB00854,4986
DB00854,4985
DB00855,6564
DB00855,6565
DB00855,210
DB00856,1576
DB00856,5743
DB00856,7498
DB00856,1588
DB00856,590
DB00857,1576
DB00857,1544
DB00857,1565
DB00857,1559
DB00857,5742
DB00857,1588
DB00857,1557
DB00857,1558
DB00857,1583
DB00857,6713
DB00859,10599
DB00860,1576
DB00860,5243
DB00860,6579
DB00860,2908
DB00860,866
DB00861,5742
DB00861,5743
DB00861,213
DB00861,9356
DB00861,54576
DB00861,54600
DB00861,7276
DB00862,1576
DB00862,5243
DB00862,1577
DB00862,8654
DB00862,5148
DB00862,5149
DB00863,1576
DB00863,1544
DB00863,1565
DB00863,5243
DB00863,590
DB00863,43
DB00863,6582
DB00863,6580
DB00863,9376
DB00863,3274
DB00864,1576
DB00864,5243
DB00864,213
DB00864,1551
DB00864,1577
DB00864,10599
DB00864,5004
DB00864,2280
DB00864,23461
DB00865,1576
DB00865,5447
DB00865,1555
DB00865,6571
DB00865,6531
DB00865,148
DB00865,150
DB00867,154
DB00867,5226
DB00868,6331
DB00869,1576
DB00869,1559
DB00869,759
DB00869,760
DB00869,762
DB00869,761
DB00870,1559
DB00870,5742
DB00870,5743
DB00870,54658
DB00870,7364
DB00871,590
DB00871,153
DB00871,154
DB00871,155
DB00872,1576
DB00872,554
DB00872,552
DB00873,2950
DB00873,4609
DB00874,2902
DB00875,5243
DB00875,1644
DB00875,148
DB00875,1813
DB00875,1128
DB00875,1812
DB00875,3356
DB00876,1244
DB00876,185
DB00877,1576
DB00877,5243
DB00877,1551
DB00877,1577
DB00877,10599
DB00877,55244
DB00877,2475
DB00877,2280
DB00877,2247
DB00878,3176
DB00879,213
DB00879,1633
DB00880,9356
DB00880,759
DB00880,760
DB00880,6559
DB00881,9376
DB00881,1636
DB00881,6564
DB00881,6565
DB00882,1544
DB00882,5243
DB00882,1571
DB00882,1588
DB00882,1583
DB00882,1543
DB00882,6462
DB00882,2099
DB00883,1576
DB00883,1571
DB00883,4881
DB00884,5743
DB00884,2224
DB00885,3269
DB00887,5743
DB00887,6579
DB00887,6554
DB00887,9356
DB00887,9376
DB00887,55867
DB00887,10864
DB00887,6557
DB00887,6558
DB00887,57468
DB00887,6560
DB00887,1080
DB00888,590
DB00889,1576
DB00889,1543
DB00889,3359
DB00890,6462
DB00890,2099
DB00891,1559
DB00892,590
DB00892,6336
DB00893,3039
DB00893,7018
DB00893,3043
DB00893,2495
DB00893,2512
DB00894,1588
DB00895,2205
DB00895,2207
DB00896,1576
DB00896,2908
DB00896,866
DB00897,1576
DB00897,1551
DB00897,1577
DB00897,1558
DB00897,2554
DB00897,706
DB00897,2555
DB00897,2556
DB00897,2557
DB00897,2558
DB00897,2559
DB00897,2560
DB00897,2561
DB00897,2562
DB00897,2565
DB00897,2566
DB00897,2563
DB00897,2564
DB00897,2569
DB00897,2570
DB00897,200959
DB00897,55879
DB00898,1576
DB00898,1544
DB00898,1559
DB00898,1571
DB00898,1557
DB00898,1579
DB00898,1139
DB00898,116443
DB00898,2890
DB00898,2891
DB00898,2892
DB00898,2893
DB00898,2741
DB00898,2742
DB00898,786
DB00898,124
DB00898,127
DB00898,126
DB00898,125
DB00898,131
DB00898,128
DB00898,130
DB00898,10327
DB00898,1543
DB00898,1555
DB00898,1137
DB00898,1141
DB00898,1135
DB00898,1136
DB00898,1138
DB00898,8973
DB00898,55584
DB00898,1142
DB00898,1143
DB00898,2554
DB00898,2030
DB00898,2555
DB00898,2556
DB00898,2557
DB00898,2558
DB00898,2559
DB00898,2560
DB00898,2561
DB00898,2562
DB00898,2565
DB00898,2563
DB00898,2564
DB00898,55879
DB00898,775
DB00898,3359
DB00898,776
DB00898,779
DB00898,3760
DB00898,782
DB00898,3177
DB00898,3763
DB00898,7412
DB00898,3762
DB00898,285242
DB00898,9177
DB00898,200909
DB00898,170572
DB00898,10369
DB00898,3765
DB00898,3897
DB00899,4988
DB00899,4986
DB00899,4985
DB00900,213
DB00900,9356
DB00900,2030
DB00900,4860
DB00900,3177
DB00902,3269
DB00903,213
DB00903,9356
DB00903,2939
DB00903,2950
DB00903,6557
DB00903,476
DB00903,51176
DB00904,1576
DB00904,1544
DB00904,1565
DB00904,1559
DB00904,1571
DB00904,1551
DB00904,1577
DB00904,4988
DB00904,3351
DB00904,3350
DB00904,3359
DB00904,3360
DB00905,1576
DB00905,1577
DB00905,5737
DB00905,5731
DB00905,5733
DB00906,1576
DB00906,54658
DB00906,6529
DB00907,1576
DB00907,1565
DB00907,590
DB00907,1551
DB00907,1577
DB00907,1558
DB00907,6582
DB00907,6532
DB00907,6531
DB00907,6530
DB00907,1128
DB00907,6331
DB00907,1066
DB00907,1129
DB00907,6336
DB00907,10280
DB00907,11280
DB00908,1576
DB00908,1544
DB00908,1565
DB00908,1559
DB00908,5243
DB00908,1571
DB00908,1244
DB00908,1551
DB00908,1558
DB00908,8647
DB00908,6579
DB00908,10599
DB00908,6582
DB00908,6580
DB00908,6584
DB00908,6583
DB00908,9376
DB00908,1543
DB00908,1555
DB00908,3757
DB00908,148
DB00908,6331
DB00908,147
DB00908,146
DB00908,5004
DB00908,3775
DB00909,1576
DB00909,1557
DB00909,1577
DB00909,4128
DB00909,316
DB00909,54658
DB00909,4129
DB00909,6331
DB00909,759
DB00909,760
DB00909,762
DB00909,6323
DB00909,6324
DB00909,6328
DB00909,8912
DB00909,761
DB00909,6335
DB00909,6329
DB00909,8913
DB00909,8911
DB00909,6326
DB00909,768
DB00909,771
DB00909,23632
DB00909,11280
DB00909,6327
DB00909,55800
DB00909,6330
DB00909,763
DB00909,11238
DB00909,765
DB00909,767
DB00909,56934
DB00909,770
DB00909,377677
DB00910,1576
DB00910,7421
DB00910,1591
DB00910,54657
DB00911,1576
DB00911,8647
DB00912,1576
DB00912,213
DB00912,1558
DB00912,8647
DB00912,10599
DB00912,5468
DB00912,6833
DB00913,4988
DB00914,1565
DB00914,6582
DB00914,6580
DB00914,5562
DB00914,3764
DB00915,1644
DB00915,1139
DB00915,6582
DB00915,6580
DB00915,116443
DB00915,1813
DB00915,4129
DB00915,1137
DB00915,1136
DB00916,1576
DB00916,1559
DB00916,1558
DB00916,54658
DB00916,1595
DB00917,1588
DB00917,6579
DB00917,9356
DB00917,10599
DB00917,6578
DB00917,6582
DB00917,9376
DB00917,10257
DB00917,10057
DB00917,1583
DB00917,11309
DB00917,55867
DB00917,10864
DB00917,53919
DB00917,28231
DB00917,200931
DB00917,123264
DB00917,28232
DB00917,5731
DB00917,11251
DB00917,5732
DB00917,5733
DB00917,5734
DB00918,1576
DB00918,1565
DB00918,1571
DB00918,1557
DB00918,1558
DB00918,4128
DB00918,3352
DB00918,3351
DB00918,2328
DB00920,3269
DB00920,5226
DB00921,1576
DB00921,1565
DB00921,1559
DB00921,5243
DB00921,1562
DB00921,1557
DB00921,1551
DB00921,1577
DB00921,1558
DB00921,9429
DB00921,1548
DB00921,54658
DB00921,4988
DB00921,4986
DB00921,4985
DB00921,54600
DB00921,4987
DB00922,3767
DB00922,5139
DB00922,7134
DB00922,3764
DB00924,1576
DB00924,1544
DB00924,1565
DB00924,54658
DB00924,3356
DB00925,6582
DB00925,6580
DB00925,6581
DB00925,148
DB00925,154
DB00925,147
DB00925,146
DB00925,150
DB00925,151
DB00925,152
DB00925,801
DB00927,1557
DB00927,6582
DB00927,9376
DB00927,3274
DB00928,978
DB00928,1786
DB00929,5732
DB00929,5733
DB00929,5734
DB00931,213
DB00932,1576
DB00932,1565
DB00932,1557
DB00932,8647
DB00932,10599
DB00932,54658
DB00932,11309
DB00933,1565
DB00933,1813
DB00933,3356
DB00934,1544
DB00934,1565
DB00934,6530
DB00934,148
DB00934,1813
DB00934,1131
DB00934,1128
DB00934,3358
DB00934,1129
DB00934,3269
DB00934,3363
DB00934,150
DB00934,5004
DB00934,3356
DB00934,1132
DB00934,1133
DB00935,148
DB00935,147
DB00935,146
DB00935,150
DB00935,151
DB00935,152
DB00936,1559
DB00936,5742
DB00936,5743
DB00936,213
DB00936,9356
DB00936,6566
DB00936,9376
DB00936,1645
DB00936,11309
DB00936,55867
DB00936,10864
DB00937,6531
DB00937,6530
DB00938,1576
DB00938,1551
DB00938,1577
DB00938,1558
DB00938,153
DB00938,154
DB00938,155
DB00939,6906
DB00939,5742
DB00939,5743
DB00939,9356
DB00939,240
DB00939,53919
DB00939,3785
DB00939,3786
DB00940,1128
DB00940,3274
DB00941,590
DB00942,1128
DB00943,213
DB00943,9356
DB00943,10864
DB00943,2030
DB00943,1633
DB00943,3177
DB00944,590
DB00944,43
DB00945,1559
DB00945,3309
DB00945,5243
DB00945,5742
DB00945,5743
DB00945,1557
DB00945,9356
DB00945,5562
DB00945,9376
DB00945,1645
DB00945,54578
DB00945,3551
DB00945,10
DB00945,5111
DB00945,1909
DB00945,7157
DB00945,6197
DB00945,4792
DB00945,7130
DB00945,834
DB00945,836
DB00945,595
DB00945,4609
DB00946,1576
DB00946,1559
DB00946,213
DB00946,1558
DB00946,79001
DB00946,5004
DB00947,1576
DB00947,54658
DB00947,2099
DB00949,1576
DB00949,1559
DB00949,1571
DB00949,1557
DB00949,2903
DB00949,2904
DB00949,116443
DB00950,5243
DB00950,6579
DB00950,10599
DB00950,9376
DB00950,11309
DB00950,3269
DB00951,1576
DB00951,1544
DB00951,1565
DB00951,1559
DB00951,1571
DB00951,213
DB00951,1557
DB00951,1558
DB00951,1548
DB00951,10
DB00952,4128
DB00952,3352
DB00952,3351
DB00952,3350
DB00953,4128
DB00953,3352
DB00953,3351
DB00956,1576
DB00956,1565
DB00956,4988
DB00956,4985
DB00957,1576
DB00957,1244
DB00957,2099
DB00957,367
DB00957,5241
DB00958,4353
DB00958,7498
DB00958,1244
DB00958,9429
DB00958,2944
DB00958,2950
DB00958,2952
DB00958,1728
DB00958,6647
DB00958,4489
DB00958,4502
DB00958,1317
DB00958,1318
DB00958,540
DB00958,538
DB00959,1576
DB00959,5243
DB00959,2908
DB00960,1565
DB00960,153
DB00960,154
DB00960,3351
DB00960,3350
DB00960,155
DB00961,6336
DB00962,1576
DB00962,1551
DB00962,1577
DB00962,316
DB00962,2554
DB00962,706
DB00963,5742
DB00963,5743
DB00964,148
DB00964,150
DB00964,151
DB00966,5243
DB00966,1244
DB00966,1557
DB00966,8647
DB00966,9429
DB00966,5468
DB00966,185
DB00966,54659
DB00967,1544
DB00967,1565
DB00967,1559
DB00967,5243
DB00967,1557
DB00967,3269
DB00968,1644
DB00968,1312
DB00968,6564
DB00968,150
DB00969,1576
DB00969,1544
DB00969,1559
DB00969,1571
DB00969,3359
DB00970,5243
DB00970,9429
DB00970,4363
DB00970,6584
DB00970,7153
DB00970,368
DB00971,2936
DB00971,2597
DB00971,3162
DB00971,240
DB00971,100
DB00971,6513
DB00971,5595
DB00971,354
DB00971,1786
DB00971,596
DB00971,2194
DB00971,2697
DB00971,3569
DB00971,5294
DB00971,4496
DB00971,5617
DB00971,4968
DB00972,1576
DB00972,1544
DB00972,1565
DB00972,1559
DB00972,5243
DB00972,1571
DB00972,1557
DB00972,1577
DB00972,1558
DB00972,1543
DB00972,1555
DB00972,1548
DB00972,3269
DB00973,1576
DB00973,5243
DB00973,1244
DB00973,1558
DB00973,8714
DB00973,8647
DB00973,9429
DB00973,10599
DB00973,29881
DB00973,54658
DB00973,7366
DB00973,54659
DB00973,7364
DB00973,6646
DB00973,290
DB00973,64240
DB00973,64241
DB00974,1588
DB00974,100
DB00974,5446
DB00975,5243
DB00975,8647
DB00975,10599
DB00975,10257
DB00975,10057
DB00975,11309
DB00975,100
DB00975,8654
DB00975,5004
DB00975,5141
DB00975,10846
DB00975,1827
DB00976,1576
DB00976,1551
DB00976,1577
DB00976,10599
DB00977,1576
DB00977,5243
DB00977,1244
DB00977,1558
DB00977,8647
DB00977,6554
DB00977,8856
DB00977,54658
DB00977,6462
DB00977,2099
DB00978,1544
DB00978,1244
DB00978,6584
DB00978,7153
DB00979,590
DB00979,1128
DB00980,1576
DB00980,1544
DB00980,1559
DB00980,1557
DB00980,4543
DB00980,4544
DB00981,43
DB00981,1137
DB00981,1141
DB00982,1576
DB00982,213
DB00982,5916
DB00982,5914
DB00983,1565
DB00983,1559
DB00983,1557
DB00983,1548
DB00983,153
DB00983,154
DB00983,155
DB00984,1588
DB00984,367
DB00985,3269
DB00986,1131
DB00986,1128
DB00986,1129
DB00987,1576
DB00987,89845
DB00987,6580
DB00987,2030
DB00987,1633
DB00987,978
DB00987,4907
DB00987,5423
DB00987,1635
DB00988,1557
DB00988,1312
DB00988,6582
DB00988,6580
DB00988,6581
DB00988,6584
DB00988,1621
DB00988,4128
DB00988,6647
DB00988,6532
DB00988,6571
DB00988,6531
DB00988,6530
DB00988,1813
DB00988,4129
DB00988,3350
DB00988,3363
DB00988,1812
DB00988,1816
DB00988,1814
DB00988,1815
DB00988,3359
DB00988,5460
DB00988,9177
DB00989,1576
DB00989,590
DB00989,43
DB00990,1576
DB00990,1588
DB00991,5742
DB00991,5743
DB00992,2209
DB00993,1544
DB00993,7498
DB00993,2938
DB00993,2939
DB00993,2944
DB00993,3251
DB00993,7172
DB00993,5879
DB00994,846
DB00995,213
DB00995,3551
DB00995,25824
DB00996,1576
DB00996,586
DB00996,2902
DB00996,2550
DB00996,9568
DB00996,134
DB00996,781
DB00996,9254
DB00996,774
DB00997,1576
DB00997,1565
DB00997,5243
DB00997,7498
DB00997,1244
DB00997,213
DB00997,8714
DB00997,8647
DB00997,89845
DB00997,9429
DB00997,4363
DB00997,1545
DB00997,4842
DB00997,4843
DB00997,4846
DB00997,8644
DB00997,374291
DB00997,4720
DB00997,4722
DB00997,10327
DB00997,1728
DB00997,5447
DB00997,1555
DB00997,7153
DB00997,368
DB00997,10928
DB00997,873
DB00997,85413
DB00997,9221
DB00997,874
DB00997,11194
DB00998,1544
DB00998,3352
DB00998,3351
DB00999,9356
DB00999,759
DB00999,760
DB00999,3778
DB00999,6559
DB01000,6584
DB01000,6564
DB01000,6565
DB01001,1576
DB01001,153
DB01001,154
DB01001,155
DB01002,1576
DB01002,1544
DB01002,6336
DB01003,3778
DB01003,6286
DB01004,9356
DB01004,6580
DB01004,9376
DB01004,10864
DB01004,55244
DB01004,146802
DB01005,1565
DB01005,6240
DB01006,1576
DB01006,1588
DB01006,1548
DB01007,1576
DB01007,1571
DB01007,1588
DB01007,1557
DB01007,1558
DB01007,1595
DB01008,1576
DB01008,2938
DB01008,2939
DB01008,4258
DB01008,2944
DB01008,2950
DB01009,1559
DB01009,5742
DB01009,5743
DB01009,213
DB01009,1558
DB01009,6579
DB01009,9356
DB01009,9376
DB01009,10257
DB01009,54658
DB01009,55867
DB01009,10864
DB01009,3577
DB01010,590
DB01010,43
DB01011,1576
DB01011,1571
DB01011,8714
DB01011,1548
DB01011,1584
DB01011,1585
DB01012,1576
DB01012,1544
DB01012,1565
DB01012,846
DB01013,1576
DB01013,1543
DB01013,2908
DB01014,5742
DB01014,5743
DB01014,5468
DB01014,240
DB01015,1576
DB01015,1559
DB01015,5742
DB01015,213
DB01015,1558
DB01015,8647
DB01015,2950
DB01015,54600
DB01015,9
DB01015,10
DB01016,1576
DB01016,1559
DB01016,5243
DB01016,1244
DB01016,213
DB01016,1557
DB01016,8714
DB01016,8647
DB01016,6579
DB01016,9356
DB01016,9429
DB01016,4363
DB01016,19
DB01016,11309
DB01016,10864
DB01016,6564
DB01016,6565
DB01016,3767
DB01016,6833
DB01016,1374
DB01016,1080
DB01016,3762
DB01016,10060
DB01017,9356
DB01017,7422
DB01017,9376
DB01017,4318
DB01017,240
DB01017,55867
DB01017,10864
DB01017,834
DB01017,836
DB01017,3553
DB01017,54205
DB01018,1576
DB01018,1557
DB01018,150
DB01018,151
DB01019,1131
DB01019,1128
DB01019,1129
DB01019,1132
DB01020,1576
DB01020,2977
DB01021,759
DB01021,760
DB01021,762
DB01021,476
DB01021,6559
DB01021,7172
DB01022,2677
DB01022,632
DB01023,1576
DB01023,1565
DB01023,1559
DB01023,5243
DB01023,1551
DB01023,1577
DB01023,1558
DB01023,8647
DB01023,5136
DB01023,781
DB01023,775
DB01023,783
DB01023,8912
DB01023,9254
DB01023,776
DB01023,779
DB01023,4306
DB01023,801
DB01023,5153
DB01023,7134
DB01023,7125
DB01024,3615
DB01024,3614
DB01024,54658
DB01024,54578
DB01024,54577
DB01024,54600
DB01024,7364
DB01025,2246
DB01025,6283
DB01025,6284
DB01025,3562
DB01026,1576
DB01026,1544
DB01026,1565
DB01026,1559
DB01026,5243
DB01026,1588
DB01026,1557
DB01026,1551
DB01026,1577
DB01026,1558
DB01026,8647
DB01026,6579
DB01026,10599
DB01026,1545
DB01026,1583
DB01026,1543
DB01026,1592
DB01026,8856
DB01026,1555
DB01026,1548
DB01026,54658
DB01026,3757
DB01026,7364
DB01026,1584
DB01026,367
DB01026,9970
DB01026,1595
DB01026,1589
DB01026,66002
DB01026,8529
DB01028,1576
DB01028,1544
DB01028,1565
DB01028,1559
DB01028,1571
DB01028,2890
DB01028,2741
DB01028,1555
DB01028,1548
DB01028,2554
DB01028,3736
DB01028,27032
DB01029,1576
DB01029,1559
DB01029,5742
DB01029,1558
DB01029,185
DB01029,54659
DB01029,3725
DB01030,1576
DB01030,5243
DB01030,9429
DB01030,55244
DB01030,146802
DB01030,7150
DB01030,116447
DB01031,759
DB01031,760
DB01032,1576
DB01032,1244
DB01032,213
DB01032,1557
DB01032,1558
DB01032,8714
DB01032,6579
DB01032,6554
DB01032,9356
DB01032,4363
DB01032,9194
DB01032,6566
DB01032,6582
DB01032,6580
DB01032,6584
DB01032,9376
DB01032,10257
DB01032,10057
DB01032,85320
DB01032,54658
DB01032,55867
DB01032,10864
DB01032,53919
DB01032,368
DB01032,116085
DB01032,56606
DB01032,24145
DB01033,7498
DB01033,5471
DB01033,9376
DB01033,10257
DB01033,10057
DB01033,3614
DB01033,316
DB01033,2030
DB01033,3251
DB01033,3177
DB01033,7172
DB01035,1565
DB01035,590
DB01035,6582
DB01035,6580
DB01035,6581
DB01035,6584
DB01035,6583
DB01035,3757
DB01035,6331
DB01035,55244
DB01035,146802
DB01035,1786
DB01036,1576
DB01036,1565
DB01036,1559
DB01036,1557
DB01036,1131
DB01036,1128
DB01036,1129
DB01036,1132
DB01036,1133
DB01037,1576
DB01037,1544
DB01037,1565
DB01037,1559
DB01037,5243
DB01037,1571
DB01037,1557
DB01037,1558
DB01037,4128
DB01037,1555
DB01037,1548
DB01037,4129
DB01039,1576
DB01039,1559
DB01039,1558
DB01039,8647
DB01039,5465
DB01039,5467
DB01039,5468
DB01039,8856
DB01039,54658
DB01041,7124
DB01041,1559
DB01041,5742
DB01041,5743
DB01041,2263
DB01041,1571
DB01041,1557
DB01041,1577
DB01041,1543
DB01041,5004
DB01041,51185
DB01041,4790
DB01042,6581
DB01042,8140
DB01043,1557
DB01043,1139
DB01043,6582
DB01043,6583
DB01043,2902
DB01043,1555
DB01043,1548
DB01043,1813
DB01043,2554
DB01043,55244
DB01043,3359
DB01043,6548
DB01044,1544
DB01044,213
DB01045,1576
DB01045,1544
DB01045,1565
DB01045,1559
DB01045,5243
DB01045,1571
DB01045,1244
DB01045,213
DB01045,1557
DB01045,1579
DB01045,1551
DB01045,1558
DB01045,8714
DB01045,8647
DB01045,6579
DB01045,9356
DB01045,10599
DB01045,4363
DB01045,9376
DB01045,10057
DB01045,8856
DB01045,1555
DB01045,1548
DB01045,54658
DB01045,11309
DB01045,10864
DB01045,64816
DB01045,1595
DB01046,873
DB01046,1181
DB01047,1576
DB01047,2908
DB01047,866
DB01047,6608
DB01048,132
DB01048,130
DB01048,54658
DB01048,3106
DB01049,1576
DB01049,148
DB01049,153
DB01049,3350
DB01049,1812
DB01050,1559
DB01050,5243
DB01050,5742
DB01050,5743
DB01050,7056
DB01050,213
DB01050,1557
DB01050,1558
DB01050,6579
DB01050,9356
DB01050,4363
DB01050,5465
DB01050,5468
DB01050,9376
DB01050,10257
DB01050,11309
DB01050,55867
DB01050,54659
DB01050,54600
DB01050,7364
DB01050,7363
DB01050,2169
DB01050,1080
DB01050,596
DB01050,2811
DB01050,6278
DB01050,23600
DB01051,9356
DB01051,9429
DB01051,10599
DB01051,9376
DB01051,11309
DB01051,55867
DB01053,9356
DB01053,10599
DB01053,6584
DB01053,6583
DB01053,9376
DB01053,11309
DB01053,55867
DB01053,6564
DB01053,6565
DB01053,28231
DB01053,28232
DB01054,1576
DB01054,5243
DB01054,1551
DB01054,1577
DB01054,8647
DB01054,786
DB01054,781
DB01054,775
DB01054,783
DB01054,8912
DB01054,9254
DB01054,776
DB01054,779
DB01056,1544
DB01056,213
DB01056,6331
DB01057,213
DB01057,590
DB01058,1576
DB01058,1544
DB01058,1557
DB01058,1551
DB01058,1577
DB01058,64816
DB01059,1576
DB01059,1544
DB01059,1551
DB01059,1577
DB01059,9356
DB01059,6584
DB01059,1543
DB01059,7153
DB01060,1557
DB01060,9356
DB01060,6564
DB01060,6565
DB01062,1576
DB01062,1565
DB01062,1577
DB01062,1558
DB01062,1131
DB01062,1128
DB01062,1129
DB01063,1813
DB01063,1812
DB01063,367
DB01064,1543
DB01064,6647
DB01064,153
DB01064,154
DB01064,155
DB01064,5594
DB01064,5295
DB01064,5296
DB01064,8503
DB01065,4353
DB01065,1544
DB01065,1559
DB01065,811
DB01065,1588
DB01065,1557
DB01065,1545
DB01065,9376
DB01065,3620
DB01065,4835
DB01065,1543
DB01065,2099
DB01065,801
DB01065,4543
DB01065,4544
DB01065,6096
DB01065,8288
DB01065,438
DB01067,1576
DB01067,1559
DB01067,213
DB01067,8647
DB01067,5468
DB01067,54658
DB01067,6833
DB01068,1576
DB01068,1571
DB01068,213
DB01068,8856
DB01068,2554
DB01068,706
DB01068,10
DB01069,1565
DB01069,1559
DB01069,5243
DB01069,1555
DB01069,148
DB01069,1813
DB01069,1131
DB01069,1128
DB01069,1129
DB01069,3269
DB01069,3356
DB01069,1132
DB01069,1133
DB01069,3274
DB01069,801
DB01070,7421
DB01072,1576
DB01072,1559
DB01072,5243
DB01072,213
DB01072,1558
DB01072,8647
DB01072,10599
DB01072,4363
DB01072,54658
DB01073,2030
DB01073,6240
DB01073,5422
DB01073,1633
DB01074,1576
DB01074,1565
DB01074,1555
DB01074,3757
DB01074,1376
DB01074,1374
DB01075,1565
DB01075,1559
DB01075,5742
DB01075,1562
DB01075,1557
DB01075,6582
DB01075,6584
DB01075,1129
DB01075,3269
DB01076,1576
DB01076,1565
DB01076,1559
DB01076,5243
DB01076,1244
DB01076,213
DB01076,1557
DB01076,1551
DB01076,1577
DB01076,1558
DB01076,8647
DB01076,6579
DB01076,10599
DB01076,4363
DB01076,10257
DB01076,10057
DB01076,3156
DB01076,1555
DB01076,54658
DB01076,11309
DB01076,54659
DB01076,196
DB01076,1803
DB01077,5802
DB01077,523
DB01078,476
DB01079,1544
DB01079,1565
DB01079,5243
DB01079,1571
DB01079,1558
DB01079,9429
DB01079,6532
DB01079,3358
DB01079,3357
DB01079,3356
DB01079,3360
DB01080,1559
DB01080,18
DB01080,206358
DB01080,2550
DB01081,4988
DB01081,4985
DB01082,9356
DB01082,23569
DB01083,1576
DB01083,5321
DB01083,5406
DB01083,8513
DB01083,2194
DB01084,3269
DB01085,1576
DB01085,1571
DB01085,1548
DB01085,1131
DB01085,1128
DB01085,1129
DB01085,1132
DB01086,5243
DB01086,1066
DB01086,6336
DB01087,1576
DB01087,1544
DB01087,1565
DB01087,5243
DB01087,1545
DB01087,4835
DB01087,1543
DB01087,3855
DB01088,5327
DB01088,6578
DB01088,5142
DB01088,5144
DB01088,11309
DB01088,5141
DB01088,28232
DB01088,5731
DB01088,11251
DB01088,5739
DB01088,5143
DB01089,6571
DB01090,1136
DB01090,1143
DB01091,6713
DB01092,6579
DB01092,10599
DB01092,9376
DB01092,1543
DB01092,53919
DB01092,353189
DB01092,476
DB01092,477
DB01092,478
DB01093,1576
DB01093,1565
DB01093,1557
DB01093,7276
DB01095,1576
DB01095,1565
DB01095,1559
DB01095,1244
DB01095,1557
DB01095,1577
DB01095,1558
DB01095,10599
DB01095,3156
DB01095,1543
DB01095,1555
DB01095,54658
DB01095,11309
DB01095,6564
DB01095,54659
DB01095,7364
DB01096,1565
DB01097,1544
DB01097,1559
DB01097,9429
DB01097,196
DB01097,1723
DB01097,2185
DB01098,1576
DB01098,1559
DB01098,1244
DB01098,213
DB01098,1557
DB01098,1577
DB01098,8647
DB01098,6579
DB01098,9429
DB01098,10599
DB01098,4363
DB01098,23657
DB01098,9376
DB01098,10257
DB01098,3156
DB01098,11309
DB01099,1786
DB01100,1576
DB01100,1544
DB01100,1565
DB01100,5243
DB01100,1571
DB01100,1551
DB01100,1577
DB01100,3757
DB01100,1813
DB01100,1814
DB01100,801
DB01101,1559
DB01101,1066
DB01101,7298
DB01101,1890
DB01101,978
DB01101,1806
DB01102,153
DB01102,154
DB01102,155
DB01104,1576
DB01104,1565
DB01104,1559
DB01104,5243
DB01104,213
DB01104,1557
DB01104,4128
DB01104,1555
DB01104,6532
DB01104,6531
DB01104,4129
DB01104,10857
DB01105,1576
DB01105,6532
DB01105,6531
DB01105,6530
DB01106,3269
DB01106,23620
DB01107,2554
DB01108,1576
DB01108,3284
DB01108,3283
DB01108,2099
DB01108,2100
DB01109,6906
DB01109,2159
DB01109,2263
DB01109,2260
DB01109,2264
DB01109,5196
DB01109,2247
DB01109,462
DB01109,2246
DB01109,2249
DB01109,6403
DB01109,9965
DB01109,3082
DB01109,10855
DB01110,1576
DB01110,1565
DB01110,1559
DB01110,5243
DB01110,1571
DB01110,1588
DB01110,1557
DB01110,4843
DB01110,4846
DB01110,8856
DB01110,1555
DB01110,1548
DB01110,3757
DB01110,3783
DB01110,1584
DB01110,81033
DB01110,90134
DB01110,3778
DB01110,1595
DB01110,3779
DB01110,10242
DB01110,27094
DB01110,27345
DB01110,3780
DB01110,3781
DB01110,3782
DB01112,6564
DB01112,6565
DB01113,5142
DB01113,10846
DB01114,1576
DB01114,1565
DB01114,1551
DB01114,1577
DB01114,6582
DB01114,6580
DB01114,6532
DB01114,6531
DB01114,6530
DB01114,3269
DB01115,1576
DB01115,1544
DB01115,1565
DB01115,5243
DB01115,1571
DB01115,1244
DB01115,1551
DB01115,1577
DB01115,1558
DB01115,8714
DB01115,8647
DB01115,10599
DB01115,1543
DB01115,8856
DB01115,1555
DB01115,1548
DB01115,3736
DB01115,781
DB01115,775
DB01115,783
DB01115,8912
DB01115,776
DB01115,779
DB01115,801
DB01116,590
DB01117,1576
DB01117,1559
DB01117,5243
DB01117,1723
DB01118,1576
DB01118,1544
DB01118,1565
DB01118,1559
DB01118,5243
DB01118,1557
DB01118,1551
DB01118,1577
DB01118,1558
DB01118,8647
DB01118,6582
DB01118,5468
DB01118,1543
DB01118,1548
DB01118,3757
DB01118,153
DB01118,8912
DB01118,9254
DB01118,7067
DB01118,7068
DB01119,2752
DB01119,3767
DB01119,759
DB01119,760
DB01119,3778
DB01119,476
DB01119,6559
DB01120,1559
DB01120,213
DB01120,1557
DB01120,7422
DB01120,6833
DB01121,6323
DB01122,590
DB01122,43
DB01123,2147
DB01124,1559
DB01124,213
DB01124,1562
DB01124,1557
DB01124,1558
DB01124,6579
DB01124,9356
DB01124,11309
DB01124,6564
DB01124,6565
DB01124,3758
DB01124,6833
DB01125,2677
DB01126,1576
DB01126,213
DB01126,1577
DB01126,5004
DB01126,6715
DB01126,6716
DB01127,1576
DB01127,1571
DB01127,1588
DB01127,8856
DB01128,1576
DB01128,1565
DB01128,1559
DB01128,1557
DB01128,367
DB01129,1576
DB01129,1544
DB01129,1565
DB01129,1559
DB01129,1557
DB01129,1558
DB01129,9429
DB01129,1543
DB01129,495
DB01130,1576
DB01130,2908
DB01131,1576
DB01131,1565
DB01131,1559
DB01131,1571
DB01131,1557
DB01131,1719
DB01132,1576
DB01132,1559
DB01132,5742
DB01132,1558
DB01132,10599
DB01132,5465
DB01132,5467
DB01132,5468
DB01132,4129
DB01133,523
DB01133,5770
DB01135,590
DB01135,1135
DB01135,1129
DB01136,1576
DB01136,1544
DB01136,1565
DB01136,1559
DB01136,5243
DB01136,5742
DB01136,7498
DB01136,1571
DB01136,7422
DB01136,4718
DB01136,1543
DB01136,54658
DB01136,3757
DB01136,148
DB01136,153
DB01136,154
DB01136,147
DB01136,146
DB01136,150
DB01136,151
DB01136,152
DB01136,7412
DB01136,4879
DB01136,2697
DB01136,6401
DB01136,3091
DB01136,3761
DB01137,1576
DB01137,1544
DB01137,5243
DB01137,9356
DB01137,6582
DB01137,6583
DB01137,55244
DB01137,146802
DB01137,7153
DB01138,1576
DB01138,1559
DB01138,1244
DB01138,1558
DB01138,8714
DB01138,8647
DB01138,4363
DB01138,10257
DB01138,10057
DB01138,8856
DB01138,1555
DB01138,368
DB01138,116085
DB01138,2169
DB01140,9356
DB01140,6584
DB01140,9376
DB01140,6564
DB01140,6565
DB01141,1312
DB01141,410
DB01142,1576
DB01142,1544
DB01142,1565
DB01142,1559
DB01142,5243
DB01142,213
DB01142,1557
DB01142,6532
DB01142,3757
DB01142,6530
DB01142,148
DB01142,1131
DB01142,1128
DB01142,3358
DB01142,1129
DB01142,147
DB01142,146
DB01142,3269
DB01142,3350
DB01142,3357
DB01142,5004
DB01142,3356
DB01142,3362
DB01142,1132
DB01142,1133
DB01142,3274
DB01143,5167
DB01143,249
DB01144,759
DB01144,760
DB01144,762
DB01144,761
DB01146,6531
DB01146,3269
DB01147,213
DB01147,9356
DB01147,6564
DB01147,6565
DB01148,1128
DB01148,1129
DB01149,1576
DB01149,1565
DB01149,5243
DB01149,1577
DB01149,8647
DB01149,11309
DB01149,6532
DB01149,3757
DB01149,6531
DB01149,6530
DB01149,148
DB01149,3358
DB01149,147
DB01149,3350
DB01149,150
DB01149,3356
DB01151,1576
DB01151,1544
DB01151,1565
DB01151,5243
DB01151,1571
DB01151,1562
DB01151,1557
DB01151,6582
DB01151,6580
DB01151,6581
DB01151,6584
DB01151,6583
DB01151,1555
DB01151,1548
DB01151,6532
DB01151,6530
DB01151,148
DB01151,153
DB01151,1813
DB01151,1131
DB01151,1128
DB01151,3358
DB01151,154
DB01151,1129
DB01151,3269
DB01151,3350
DB01151,150
DB01151,5004
DB01151,3356
DB01151,1132
DB01151,1133
DB01151,6609
DB01152,1576
DB01153,1595
DB01154,1576
DB01154,1559
DB01154,1571
DB01154,2554
DB01154,3767
DB01154,3764
DB01155,1544
DB01156,1576
DB01156,1565
DB01156,1559
DB01156,1571
DB01156,6582
DB01156,1555
DB01156,1548
DB01156,6531
DB01156,6530
DB01156,1136
DB01156,5004
DB01156,3359
DB01157,1719
DB01158,476
DB01159,1576
DB01159,1559
DB01159,1571
DB01159,213
DB01159,116444
DB01159,2903
DB01159,116443
DB01159,2741
DB01159,1555
DB01159,1548
DB01159,2554
DB01159,3783
DB01159,27032
DB01159,3760
DB01159,3778
DB01159,3777
DB01159,51305
DB01159,3763
DB01159,6010
DB01159,54331
DB01159,387129
DB01160,9356
DB01160,6578
DB01160,6582
DB01160,9376
DB01160,55867
DB01160,10864
DB01160,28232
DB01160,5737
DB01160,5739
DB01161,590
DB01161,116443
DB01161,6531
DB01161,3359
DB01161,6336
DB01162,5243
DB01162,7040
DB01162,3757
DB01162,148
DB01162,147
DB01162,146
DB01162,81033
DB01162,90134
DB01164,6284
DB01165,1544
DB01165,1244
DB01165,8647
DB01165,9356
DB01165,4363
DB01165,6584
DB01165,6583
DB01165,7153
DB01166,1576
DB01166,1544
DB01166,1565
DB01166,1557
DB01166,1551
DB01166,1577
DB01166,5139
DB01167,1576
DB01167,1565
DB01167,5243
DB01167,1571
DB01167,1551
DB01167,1577
DB01167,1543
DB01167,1555
DB01167,11309
DB01167,1595
DB01168,7498
DB01168,1545
DB01168,4128
DB01169,1576
DB01169,5243
DB01169,1244
DB01169,213
DB01169,1545
DB01169,1543
DB01169,3551
DB01169,3725
DB01169,5595
DB01169,595
DB01169,5594
DB01169,7296
DB01169,207
DB01169,1026
DB01169,3065
DB01169,5371
DB01170,1576
DB01170,6530
DB01171,1565
DB01171,1559
DB01171,1557
DB01171,4128
DB01171,4129
DB01173,1576
DB01173,1544
DB01173,1571
DB01173,2906
DB01173,116444
DB01173,2902
DB01173,116443
DB01173,1555
DB01173,6530
DB01173,3269
DB01173,6336
DB01174,1576
DB01174,1544
DB01174,1559
DB01174,5243
DB01174,1571
DB01174,1244
DB01174,1562
DB01174,1557
DB01174,1579
DB01174,1551
DB01174,1577
DB01174,1558
DB01174,8714
DB01174,8647
DB01174,4363
DB01174,6578
DB01174,1545
DB01174,1139
DB01174,2902
DB01174,2891
DB01174,2898
DB01174,1580
DB01174,1543
DB01174,8856
DB01174,1555
DB01174,1548
DB01174,54658
DB01174,1137
DB01174,2554
DB01174,7364
DB01175,1576
DB01175,1565
DB01175,1557
DB01175,6532
DB01175,6531
DB01175,6530
DB01175,148
DB01175,1128
DB01175,3269
DB01176,1559
DB01176,3269
DB01176,6783
DB01177,1565
DB01177,1559
DB01177,4363
DB01177,7153
DB01178,706
DB01179,7153
DB01179,203068
DB01179,7277
DB01180,1636
DB01181,1576
DB01181,1559
DB01181,5742
DB01181,1562
DB01181,1557
DB01181,1577
DB01181,1558
DB01181,8856
DB01181,1555
DB01181,1548
DB01182,1576
DB01182,1544
DB01182,1565
DB01182,5243
DB01182,1558
DB01182,3757
DB01182,153
DB01182,6331
DB01182,154
DB01183,1576
DB01183,5243
DB01183,213
DB01183,1558
DB01183,6579
DB01183,1385
DB01183,54658
DB01183,4988
DB01183,4986
DB01183,4985
DB01183,1066
DB01183,2099
DB01183,7099
DB01184,1576
DB01184,1544
DB01184,1565
DB01184,5243
DB01184,1551
DB01184,1577
DB01184,1558
DB01184,1555
DB01184,1813
DB01184,1814
DB01185,5618
DB01185,3291
DB01185,6462
DB01185,2908
DB01185,2099
DB01185,367
DB01186,1576
DB01186,1565
DB01186,148
DB01186,1813
DB01186,3358
DB01186,147
DB01186,146
DB01186,3352
DB01186,3351
DB01186,3350
DB01186,3357
DB01186,150
DB01186,1812
DB01186,1816
DB01186,3356
DB01186,1814
DB01186,1815
DB01186,151
DB01186,152
DB01188,476
DB01189,213
DB01189,2890
DB01189,2741
DB01189,2554
DB01189,3736
DB01189,27032
DB01190,1576
DB01191,1544
DB01191,1565
DB01191,1571
DB01191,6532
DB01191,3358
DB01192,1576
DB01192,1565
DB01192,4988
DB01192,4985
DB01193,1565
DB01193,5243
DB01193,153
DB01193,154
DB01194,1576
DB01194,759
DB01194,760
DB01194,762
DB01194,761
DB01194,763
DB01195,1565
DB01195,1559
DB01195,3757
DB01195,6331
DB01195,6329
DB01196,1576
DB01196,5243
DB01196,2099
DB01196,2100
DB01196,4133
DB01196,4130
DB01197,1565
DB01197,5243
DB01197,213
DB01197,9356
DB01197,4318
DB01197,1636
DB01197,623
DB01197,6564
DB01197,4313
DB01197,4048
DB01198,1576
DB01198,1559
DB01198,5742
DB01198,1571
DB01198,1558
DB01198,2554
DB01198,706
DB01198,2555
DB01198,2556
DB01198,2558
DB01199,590
DB01199,43
DB01199,1139
DB01199,6582
DB01199,6580
DB01199,1135
DB01199,3359
DB01200,1576
DB01200,5243
DB01200,148
DB01200,1813
DB01200,3358
DB01200,147
DB01200,146
DB01200,3352
DB01200,3351
DB01200,3350
DB01200,3357
DB01200,3363
DB01200,150
DB01200,1812
DB01200,1816
DB01200,3356
DB01200,1814
DB01200,1815
DB01200,151
DB01200,152
DB01201,1576
DB01201,1565
DB01201,1559
DB01201,1557
DB01201,1558
DB01201,1555
DB01201,64816
DB01202,1576
DB01202,5243
DB01202,1244
DB01202,774
DB01202,9900
DB01203,1565
DB01203,5243
DB01203,153
DB01203,154
DB01204,1576
DB01204,5243
DB01204,1571
DB01204,9429
DB01204,4363
DB01204,1545
DB01204,7153
DB01205,2554
DB01205,2558
DB01205,2566
DB01206,1576
DB01206,1565
DB01206,81551
DB01208,1544
DB01208,5243
DB01208,1244
DB01208,6584
DB01208,7153
DB01209,4988
DB01209,4986
DB01210,1565
DB01210,153
DB01210,154
DB01211,1576
DB01211,5243
DB01211,1557
DB01211,1551
DB01211,1577
DB01211,8647
DB01211,10599
DB01211,10864
DB01211,3757
DB01212,213
DB01212,2752
DB01212,9356
DB01212,9376
DB01212,55867
DB01212,6564
DB01212,6565
DB01213,1571
DB01213,124
DB01213,126
DB01213,125
DB01213,1548
DB01213,847
DB01214,1565
DB01214,153
DB01214,154
DB01215,1576
DB01215,2554
DB01215,2555
DB01215,2556
DB01215,2558
DB01215,2560
DB01215,2561
DB01215,2562
DB01215,2565
DB01215,2566
DB01215,2563
DB01215,2564
DB01215,2569
DB01215,2570
DB01215,200959
DB01216,1576
DB01216,1551
DB01216,1577
DB01216,6715
DB01216,6718
DB01216,6716
DB01217,1576
DB01217,1544
DB01217,1559
DB01217,1588
DB01218,1576
DB01218,1565
DB01218,1577
DB01218,1558
DB01218,3757
DB01219,1576
DB01219,6906
DB01219,6261
DB01220,1576
DB01220,1565
DB01220,1557
DB01220,1558
DB01220,8856
DB01221,1576
DB01221,1559
DB01221,5742
DB01221,590
DB01221,1558
DB01221,1139
DB01221,116443
DB01221,4842
DB01221,1555
DB01221,6530
DB01221,1813
DB01221,1128
DB01221,4988
DB01221,4986
DB01221,4985
DB01221,3350
DB01221,3356
DB01221,3359
DB01221,6869
DB01222,1576
DB01222,1577
DB01222,8647
DB01222,2908
DB01223,1576
DB01223,1544
DB01223,1571
DB01223,1557
DB01223,134
DB01223,3066
DB01223,5139
DB01223,140
DB01224,1576
DB01224,1565
DB01224,5243
DB01224,1557
DB01224,1551
DB01224,1577
DB01224,148
DB01224,1813
DB01224,1131
DB01224,1128
DB01224,3358
DB01224,1129
DB01224,147
DB01224,146
DB01224,3269
DB01224,3352
DB01224,3351
DB01224,3350
DB01224,3354
DB01224,3363
DB01224,150
DB01224,1812
DB01224,1816
DB01224,3356
DB01224,1814
DB01224,1815
DB01224,3359
DB01224,3362
DB01224,151
DB01224,152
DB01224,1132
DB01224,1133
DB01225,4353
DB01225,2159
DB01225,462
DB01226,590
DB01226,1135
DB01226,1131
DB01226,1129
DB01227,1576
DB01227,1588
DB01227,1551
DB01227,1577
DB01227,1136
DB01227,1143
DB01227,4988
DB01228,1565
DB01228,6331
DB01229,1576
DB01229,5243
DB01229,1244
DB01229,1588
DB01229,1551
DB01229,1577
DB01229,1558
DB01229,8647
DB01229,89845
DB01229,9429
DB01229,4363
DB01229,1545
DB01229,8856
DB01229,81027
DB01229,4137
DB01229,596
DB01229,4133
DB01229,4134
DB01231,1131
DB01231,1128
DB01231,1129
DB01232,1576
DB01232,1565
DB01232,5243
DB01232,1244
DB01232,213
DB01232,1551
DB01232,1577
DB01232,1558
DB01232,8647
DB01232,6579
DB01232,9429
DB01232,10599
DB01232,4363
DB01232,6580
DB01232,1583
DB01232,11309
DB01232,5004
DB01233,1565
DB01233,43
DB01233,1586
DB01233,1813
DB01233,1128
DB01233,3359
DB01233,1584
DB01233,1585
DB01233,3360
DB01234,1576
DB01234,1565
DB01234,5243
DB01234,1571
DB01234,1244
DB01234,1588
DB01234,1557
DB01234,1579
DB01234,1551
DB01234,1577
DB01234,1558
DB01234,8647
DB01234,6579
DB01234,9429
DB01234,1545
DB01234,1583
DB01234,4843
DB01234,1586
DB01234,1543
DB01234,8856
DB01234,1555
DB01234,1548
DB01234,2908
DB01234,301
DB01234,64816
DB01234,190
DB01235,213
DB01235,1644
DB01235,117247
DB01235,23428
DB01235,6564
DB01235,1813
DB01235,8140
DB01235,1812
DB01235,1816
DB01235,1814
DB01235,1815
DB01236,1576
DB01236,1571
DB01236,213
DB01236,2890
DB01236,2741
DB01236,1555
DB01236,1548
DB01236,2554
DB01236,3736
DB01236,27032
DB01237,9356
DB01237,3269
DB01238,1576
DB01238,1565
DB01238,213
DB01238,1551
DB01238,1577
DB01238,148
DB01238,1813
DB01238,1131
DB01238,1128
DB01238,3358
DB01238,1129
DB01238,147
DB01238,3269
DB01238,3352
DB01238,3351
DB01238,3350
DB01238,3354
DB01238,3363
DB01238,150
DB01238,1812
DB01238,1816
DB01238,3356
DB01238,1814
DB01238,1815
DB01238,3359
DB01238,3362
DB01238,151
DB01238,152
DB01238,1132
DB01238,1133
DB01239,5243
DB01239,1813
DB01239,1131
DB01239,1128
DB01239,3358
DB01239,1129
DB01239,3269
DB01239,3357
DB01239,1812
DB01239,3356
DB01239,1814
DB01239,1132
DB01239,1133
DB01240,64805
DB01240,5739
DB01240,5740
DB01241,1576
DB01241,1544
DB01241,1559
DB01241,1557
DB01241,1558
DB01241,10599
DB01241,5465
DB01241,54658
DB01241,54659
DB01242,1576
DB01242,1544
DB01242,1565
DB01242,5243
DB01242,213
DB01242,1557
DB01242,2950
DB01242,6532
DB01242,6530
DB01242,3358
DB01242,3357
DB01242,3356
DB01243,351
DB01244,1576
DB01244,1565
DB01244,5243
DB01244,3757
DB01244,5136
DB01244,8912
DB01244,9254
DB01244,476
DB01244,801
DB01244,5153
DB01244,773
DB01244,7134
DB01244,3784
DB01245,590
DB01245,43
DB01245,1137
DB01245,1141
DB01245,1135
DB01246,1576
DB01246,3269
DB01247,4128
DB01247,4129
DB01248,1576
DB01248,5243
DB01248,1244
DB01248,1551
DB01248,1577
DB01248,89845
DB01248,9429
DB01248,4363
DB01248,1545
DB01248,8856
DB01248,10864
DB01248,81027
DB01248,4137
DB01248,596
DB01248,4133
DB01248,4134
DB01250,7172
DB01250,3458
DB01251,1559
DB01251,6833
DB01251,3764
DB01253,1576
DB01253,5243
DB01253,148
DB01254,1576
DB01254,1544
DB01254,5243
DB01254,1577
DB01254,9429
DB01254,5159
DB01254,1545
DB01254,5471
DB01254,1543
DB01254,2328
DB01254,3815
DB01254,25
DB01254,6714
DB01254,1969
DB01254,3932
DB01254,7525
DB01254,6777
DB01254,27
DB01254,2534
DB01254,695
DB01254,8013
DB01254,613
DB01254,1445
DB01254,2044
DB01254,2050
DB01254,2268
DB01254,2444
DB01254,3312
DB01254,4067
DB01254,1432
DB01255,1565
DB01255,6564
DB01255,134864
DB01256,1576
DB01257,727
DB01259,1956
DB01259,1576
DB01259,5243
DB01259,2064
DB01259,1557
DB01259,1577
DB01259,1558
DB01259,6890
DB01260,1576
DB01260,2908
DB01261,1576
DB01261,5243
DB01261,1558
DB01261,9376
DB01261,1803
DB01262,1633
DB01262,1786
DB01263,1576
DB01263,5243
DB01264,1576
DB01264,5243
DB01264,10599
DB01266,134
DB01266,135
DB01266,136
DB01266,140
DB01267,1576
DB01267,1565
DB01267,5243
DB01267,1577
DB01267,148
DB01267,1813
DB01267,3358
DB01267,147
DB01267,3269
DB01267,3352
DB01267,3350
DB01267,3363
DB01267,150
DB01267,1812
DB01267,3356
DB01267,1814
DB01267,1815
DB01267,151
DB01267,152
DB01268,1576
DB01268,5243
DB01268,1244
DB01268,1551
DB01268,1577
DB01268,9429
DB01268,5159
DB01268,5156
DB01268,10257
DB01268,2324
DB01268,3791
DB01268,2322
DB01268,3815
DB01268,2321
DB01268,1436
DB01269,1956
DB01270,7422
DB01271,10226
DB01272,4074
DB01273,1139
DB01273,6582
DB01273,1137
DB01273,1141
DB01273,1136
DB01273,8973
DB01274,1565
DB01274,1559
DB01274,1557
DB01274,1548
DB01274,154
DB01275,1576
DB01275,5033
DB01275,8639
DB01276,2740
DB01276,213
DB01276,1803
DB01277,3643
DB01277,3480
DB01277,3486
DB01277,3482
DB01277,3483
DB01278,799
DB01278,10267
DB01278,10266
DB01278,10268
DB01279,10226
DB01280,100
DB01280,5422
DB01280,1633
DB01280,1716
DB01281,942
DB01281,941
DB01282,5021
DB01283,1544
DB01283,1559
DB01283,5742
DB01283,5743
DB01283,1557
DB01283,54600
DB01284,4158
DB01285,1576
DB01285,1591
DB01285,1594
DB01285,3284
DB01285,4158
DB01285,1392
DB01288,153
DB01288,154
DB01288,155
DB01291,153
DB01291,154
DB01294,213
DB01294,7018
DB01296,7124
DB01296,1571
DB01296,1557
DB01296,4318
DB01296,3458
DB01296,4791
DB01297,1565
DB01297,153
DB01299,5340
DB01299,2936
DB01299,4255
DB01299,1728
DB01299,5914
DB01299,10928
DB01299,1432
DB01299,831
DB01299,331
DB01299,2551
DB01303,1544
DB01303,10864
DB01303,134
DB01303,135
DB01303,3066
DB01303,5139
DB01303,5141
DB01306,3643
DB01306,3480
DB01307,3643
DB01307,3480
DB01307,213
DB01309,3643
DB01309,3480
DB01319,1576
DB01320,1576
DB01320,1544
DB01320,1565
DB01320,1559
DB01320,6906
DB01320,213
DB01320,1557
DB01320,1555
DB01320,6331
DB01320,54578
DB01320,54600
DB01323,1576
DB01323,1565
DB01323,5243
DB01323,1557
DB01324,6559
DB01325,6557
DB01325,6558
DB01325,759
DB01325,760
DB01325,6559
DB01326,9356
DB01326,9376
DB01326,55867
DB01326,10864
DB01327,213
DB01327,9356
DB01327,9376
DB01327,10257
DB01327,55867
DB01327,7172
DB01327,3558
DB01327,5444
DB01327,3600
DB01328,213
DB01329,213
DB01329,9356
DB01329,9376
DB01329,55867
DB01329,10864
DB01330,213
DB01332,9356
DB01332,9376
DB01332,6564
DB01333,1576
DB01333,9356
DB01333,6584
DB01333,6564
DB01333,6565
DB01333,55244
DB01336,1135
DB01336,1129
DB01337,590
DB01337,6582
DB01337,6580
DB01337,1135
DB01337,1131
DB01337,1129
DB01338,590
DB01338,1135
DB01338,1131
DB01338,1129
DB01339,5243
DB01339,1135
DB01340,5243
DB01340,1636
DB01340,6564
DB01340,6565
DB01345,476
DB01346,2891
DB01346,2554
DB01346,6331
DB01346,2555
DB01346,3775
DB01348,1636
DB01348,6564
DB01348,6565
DB01351,1139
DB01351,2891
DB01351,2898
DB01351,1548
DB01351,1137
DB01351,2554
DB01351,2555
DB01351,2556
DB01351,2557
DB01351,2558
DB01351,2559
DB01353,1139
DB01353,2891
DB01353,2898
DB01353,1137
DB01353,2554
DB01353,2555
DB01353,2556
DB01353,2557
DB01353,2558
DB01353,2559
DB01357,1576
DB01357,1559
DB01357,1558
DB01357,2099
DB01359,1565
DB01359,153
DB01359,154
DB01359,3351
DB01359,3350
DB01359,5004
DB01364,590
DB01364,43
DB01364,6571
DB01364,6530
DB01364,148
DB01365,148
DB01365,153
DB01366,154
DB01367,1544
DB01367,4129
DB01367,596
DB01369,1576
DB01370,213
DB01370,476
DB01370,7018
DB01370,351
DB01370,3816
DB01373,1356
DB01373,27032
DB01373,775
DB01373,801
DB01373,26
DB01373,6285
DB01373,6284
DB01373,6273
DB01373,7134
DB01373,7125
DB01373,6711
DB01373,831
DB01373,1311
DB01373,250
DB01373,6279
DB01373,6280
DB01373,652
DB01373,4256
DB01373,57526
DB01373,10016
DB01378,476
DB01380,1576
DB01380,2908
DB01381,1559
DB01381,2741
DB01381,6530
DB01381,2554
DB01381,2561
DB01381,2566
DB01381,5320
DB01382,3758
DB01382,6833
DB01390,8671
DB01390,9497
DB01390,9498
DB01390,57282
DB01392,1576
DB01392,1565
DB01392,1813
DB01392,3358
DB01392,3352
DB01392,3351
DB01392,3350
DB01392,3357
DB01392,150
DB01392,3758
DB01392,3356
DB01392,1814
DB01392,151
DB01392,152
DB01393,1576
DB01393,1558
DB01393,10599
DB01393,5465
DB01393,5467
DB01393,5468
DB01393,6256
DB01393,1543
DB01393,8856
DB01393,6258
DB01393,6257
DB01394,1576
DB01394,5243
DB01394,1571
DB01394,1558
DB01394,4363
DB01394,6581
DB01394,1555
DB01394,81027
DB01394,203068
DB01394,5244
DB01395,1576
DB01395,5743
DB01395,590
DB01395,367
DB01395,5241
DB01395,4306
DB01396,1576
DB01396,5243
DB01396,213
DB01396,6579
DB01396,1583
DB01396,353189
DB01396,476
DB01399,5742
DB01399,5743
DB01400,590
DB01400,43
DB01401,5742
DB01401,5743
DB01403,1565
DB01403,1571
DB01403,148
DB01403,1813
DB01403,1131
DB01403,1128
DB01403,3358
DB01403,1129
DB01403,147
DB01403,146
DB01403,3269
DB01403,150
DB01403,1812
DB01403,1816
DB01403,3356
DB01403,1814
DB01403,1815
DB01403,151
DB01403,152
DB01403,1132
DB01403,1133
DB01404,5743
DB01404,196
DB01404,3569
DB01406,2798
DB01406,1576
DB01406,1588
DB01406,6462
DB01406,2099
DB01406,367
DB01406,5241
DB01406,6347
DB01407,7124
DB01407,1543
DB01407,153
DB01407,154
DB01407,155
DB01407,4803
DB01409,1576
DB01409,1565
DB01409,6584
DB01409,6583
DB01409,1131
DB01409,1128
DB01409,1129
DB01409,1132
DB01409,1133
DB01410,1576
DB01410,1565
DB01410,2908
DB01410,866
DB01410,1066
DB01413,6584
DB01413,6564
DB01413,6565
DB01415,9356
DB01415,9376
DB01415,6564
DB01415,6565
DB01418,1576
DB01418,1544
DB01418,1559
DB01418,213
DB01418,1557
DB01418,79001
DB01418,5004
DB01419,5742
DB01419,5743
DB01420,1576
DB01420,5243
DB01420,213
DB01420,1312
DB01420,54658
DB01420,6462
DB01420,367
DB01420,6715
DB01424,1576
DB01424,1544
DB01424,1565
DB01424,1559
DB01424,1562
DB01424,1557
DB01424,1558
DB01424,9356
DB01424,1586
DB01426,6331
DB01426,5004
DB01427,7124
DB01427,5142
DB01427,5139
DB01428,2099
DB01428,2100
DB01428,367
DB01428,5241
DB01430,476
DB01432,1593
DB01432,134864
DB01432,3949
DB01432,338
DB01435,1576
DB01435,1544
DB01435,1565
DB01435,1559
DB01435,5742
DB01435,5743
DB01435,1571
DB01435,1562
DB01435,1557
DB01435,1558
DB01435,9356
DB01435,1555
DB01435,1548
DB01436,6256
DB01436,7421
DB01436,2638
DB01436,1594
DB01437,1565
DB01437,1583
DB01437,2554
DB01438,6323
DB01440,9123
DB01440,9194
DB01440,6566
DB01440,2560
DB01440,79581
DB01452,6906
DB01452,4988
DB01452,4986
DB01452,4985
DB01452,1066
DB01501,4988
DB01544,1576
DB01544,1559
DB01544,1571
DB01544,1557
DB01544,1555
DB01544,1548
DB01544,54658
DB01544,2554
DB01544,706
DB01544,54659
DB01544,7364
DB01544,2555
DB01544,2556
DB01544,2557
DB01544,2558
DB01544,2559
DB01544,2562
DB01544,2566
DB01551,1576
DB01551,1565
DB01558,1576
DB01558,1544
DB01558,1571
DB01558,1557
DB01558,2554
DB01558,2555
DB01558,2556
DB01558,2557
DB01558,2558
DB01558,2559
DB01558,2560
DB01558,2561
DB01558,2562
DB01558,2565
DB01558,2566
DB01558,2563
DB01558,2564
DB01558,2569
DB01558,2570
DB01558,200959
DB01558,55879
DB01559,1576
DB01559,1562
DB01559,1557
DB01559,1555
DB01559,2554
DB01559,2555
DB01559,2556
DB01559,2558
DB01559,2560
DB01559,2561
DB01559,2562
DB01559,2565
DB01559,2566
DB01559,2563
DB01559,2564
DB01559,2569
DB01559,2570
DB01559,200959
DB01563,217
DB01563,2555
DB01563,2560
DB01563,2353
DB01576,1565
DB01576,6571
DB01576,6531
DB01576,134864
DB01576,6530
DB01576,148
DB01576,147
DB01577,1565
DB01577,6581
DB01577,6584
DB01577,4128
DB01577,6532
DB01577,6571
DB01577,6531
DB01577,134864
DB01577,6530
DB01577,4129
DB01577,6570
DB01577,150
DB01577,151
DB01577,152
DB01579,6530
DB01579,148
DB01579,147
DB01580,1565
DB01580,6582
DB01580,153
DB01580,154
DB01580,155
DB01581,213
DB01582,213
DB01583,1576
DB01583,6906
DB01583,5243
DB01583,213
DB01583,1558
DB01583,6579
DB01583,6554
DB01583,10599
DB01583,6567
DB01583,117247
DB01583,9376
DB01583,53919
DB01583,7276
DB01583,7067
DB01583,7068
DB01583,353189
DB01583,28231
DB01586,1571
DB01586,1244
DB01586,8647
DB01586,6579
DB01586,6555
DB01586,6554
DB01586,9971
DB01586,10257
DB01586,1646
DB01587,1576
DB01587,5243
DB01587,213
DB01587,2554
DB01587,706
DB01587,2560
DB01587,2565
DB01587,2563
DB01587,2564
DB01588,1576
DB01588,2554
DB01588,2555
DB01588,2556
DB01588,2558
DB01588,2560
DB01588,2561
DB01588,2562
DB01588,2565
DB01588,2566
DB01588,2563
DB01588,2564
DB01588,2569
DB01588,2570
DB01588,200959
DB01589,1576
DB01589,1559
DB01589,1557
DB01589,1555
DB01589,2554
DB01589,2555
DB01589,2556
DB01589,2558
DB01589,2560
DB01589,2562
DB01589,2565
DB01589,2566
DB01589,2563
DB01589,2564
DB01589,2569
DB01589,2570
DB01589,200959
DB01590,1576
DB01590,6579
DB01590,10599
DB01590,2475
DB01591,1576
DB01591,1131
DB01591,1128
DB01591,1129
DB01591,1132
DB01591,1133
DB01592,1356
DB01592,54583
DB01592,3039
DB01592,7018
DB01592,2495
DB01592,5423
DB01592,7037
DB01592,55869
DB01592,51327
DB01592,2395
DB01592,2237
DB01592,79661
DB01592,252969
DB01593,2147
DB01593,715
DB01593,713
DB01593,714
DB01593,716
DB01593,2243
DB01593,718
DB01593,721
DB01593,727
DB01593,3416
DB01593,1363
DB01593,7448
DB01593,1356
DB01593,2
DB01593,443
DB01593,4318
DB01593,2741
DB01593,4255
DB01593,126
DB01593,26330
DB01593,6647
DB01593,623
DB01593,6462
DB01593,866
DB01593,759
DB01593,2099
DB01593,7276
DB01593,142
DB01593,5005
DB01593,3039
DB01593,3053
DB01593,4489
DB01593,4350
DB01593,7018
DB01593,4502
DB01593,4830
DB01593,351
DB01593,6273
DB01593,5444
DB01593,3043
DB01593,7157
DB01593,3562
DB01593,6278
DB01593,3065
DB01593,3483
DB01593,6279
DB01593,6280
DB01593,10016
DB01593,55869
DB01593,226
DB01593,1915
DB01593,2023
DB01593,5034
DB01593,2923
DB01593,5052
DB01593,5723
DB01593,7167
DB01593,7284
DB01593,9973
DB01593,9759
DB01593,6406
DB01593,10572
DB01593,4193
DB01593,3630
DB01593,7402
DB01593,7161
DB01593,4504
DB01593,199699
DB01593,1
DB01593,183
DB01593,197
DB01593,325
DB01593,335
DB01593,336
DB01593,337
DB01593,55911
DB01593,348
DB01593,8542
DB01593,722
DB01593,725
DB01593,79184
DB01593,731
DB01593,732
DB01593,733
DB01593,629
DB01593,3075
DB01593,3426
DB01593,1191
DB01593,1369
DB01593,117159
DB01593,1832
DB01593,2161
DB01593,2165
DB01593,8547
DB01593,2335
DB01593,2934
DB01593,3250
DB01593,388697
DB01593,3493
DB01593,3507
DB01593,3697
DB01593,3698
DB01593,3699
DB01593,3700
DB01593,3512
DB01593,3728
DB01593,3818
DB01593,3827
DB01593,3848
DB01593,3858
DB01593,3861
DB01593,3868
DB01593,3849
DB01593,3852
DB01593,3853
DB01593,3857
DB01593,114770
DB01593,5858
DB01593,5265
DB01593,12
DB01593,5267
DB01593,333
DB01593,334
DB01595,1576
DB01595,1571
DB01595,2554
DB01595,2555
DB01595,2556
DB01595,2557
DB01595,2558
DB01595,2559
DB01595,2560
DB01595,2561
DB01595,2562
DB01595,2565
DB01595,2566
DB01595,2563
DB01595,2564
DB01595,2569
DB01595,2570
DB01595,200959
DB01595,55879
DB01595,6323
DB01597,9356
DB01597,9376
DB01597,1800
DB01599,19
DB01599,1066
DB01600,5742
DB01600,5743
DB01601,1576
DB01601,1565
DB01601,1559
DB01601,5243
DB01601,1557
DB01601,1558
DB01601,8647
DB01601,10599
DB01601,1555
DB01606,9356
DB01606,9376
DB01608,147
DB01608,150
DB01608,1812
DB01608,367
DB01609,1576
DB01609,1544
DB01609,1558
DB01609,54658
DB01609,54659
DB01609,54600
DB01610,6564
DB01610,6565
DB01611,1565
DB01611,5243
DB01611,54106
DB01611,51284
DB01612,217
DB01612,4881
DB01613,4881
DB01613,4882
DB01616,3350
DB01618,1813
DB01618,1128
DB01618,3350
DB01618,3356
DB01619,3269
DB01620,3269
DB01620,9970
DB01621,1576
DB01621,1565
DB01621,213
DB01621,1557
DB01621,6580
DB01621,1813
DB01621,3350
DB01621,1812
DB01621,3356
DB01623,1544
DB01623,1565
DB01623,213
DB01623,6580
DB01623,1813
DB01623,1812
DB01623,3356
DB01624,1576
DB01624,1565
DB01624,148
DB01624,1813
DB01624,3269
DB01624,150
DB01624,1812
DB01624,1816
DB01624,3356
DB01625,1131
DB01625,1132
DB01626,4128
DB01626,4129
DB01628,1576
DB01628,1544
DB01628,1565
DB01628,1559
DB01628,5743
DB01628,1571
DB01628,1557
DB01632,353
DB01632,3251
DB01632,54963
DB01656,1576
DB01656,5142
DB01656,5144
DB01656,5141
DB01656,5143
DB01698,1576
DB01698,1558
DB01698,8644
DB01698,873
DB01708,1576
DB01708,1551
DB01708,5465
DB01708,2902
DB01708,3292
DB01708,8856
DB01708,2554
DB01708,2099
DB01708,2100
DB01708,367
DB01708,10280
DB01708,9970
DB01708,6822
DB01708,6820
DB01744,7442
DB01744,79054
DB01744,8989
DB01744,162514
DB01764,1576
DB01839,2162
DB01914,6513
DB01914,6514
DB01914,56606
DB01914,3098
DB01914,2645
DB01914,6515
DB01914,6517
DB01914,6518
DB01914,11182
DB01914,29988
DB01914,81031
DB01914,66035
DB01914,154091
DB01914,6523
DB01914,6524
DB01956,343641
DB01956,2904
DB01956,570
DB01956,206358
DB01956,2741
DB01956,8001
DB01956,2742
DB01956,6564
DB01956,2550
DB01956,2554
DB01956,6533
DB02266,5742
DB02266,5743
DB02266,9356
DB02266,5465
DB02266,5468
DB02266,8644
DB02266,367
DB02266,7276
DB02300,4353
DB02300,7421
DB02300,1591
DB02325,7124
DB02325,6035
DB02325,5320
DB02325,8732
DB02325,55256
DB02325,2643
DB02325,8200
DB02325,5645
DB02325,2760
DB02325,1118
DB02325,51181
DB02325,9588
DB02325,54
DB02325,191
DB02325,7919
DB02530,2628
DB02530,206358
DB02530,2550
DB02530,9568
DB02546,3066
DB02546,3065
DB02546,55869
DB02546,8841
DB02546,10013
DB02638,554
DB02638,552
DB02638,553
DB02659,5243
DB02659,1244
DB02659,8714
DB02659,8647
DB02659,6579
DB02659,6555
DB02659,6554
DB02659,10599
DB02659,4363
DB02659,9971
DB02659,9376
DB02659,10257
DB02659,126
DB02659,10864
DB02659,2104
DB02659,1066
DB02659,5319
DB02659,2235
DB02659,2172
DB02659,1327
DB02659,9377
DB02659,1329
DB02659,1345
DB02659,1349
DB02659,1350
DB02659,1351
DB02659,1339
DB02659,1340
DB02659,2168
DB02701,1576
DB02701,1565
DB02701,1571
DB02701,3939
DB02701,142
DB02701,23408
DB02701,683
DB02703,1576
DB02703,1565
DB02703,1244
DB02703,8647
DB02703,9429
DB02703,10599
DB02703,54658
DB02709,1576
DB02709,1544
DB02709,5742
DB02709,5743
DB02709,3690
DB02709,213
DB02709,1545
DB02709,5465
DB02709,5468
DB02709,4835
DB02709,1543
DB02709,8856
DB02709,240
DB02709,2099
DB02709,7276
DB02709,6513
DB02709,196
DB02709,9970
DB02709,873
DB02709,351
DB02709,4543
DB02709,4544
DB02709,207
DB02709,1457
DB02709,246
DB02709,55300
DB02709,3678
DB02709,6622
DB02709,161198
DB02709,8570
DB02772,4069
DB02772,475
DB02772,51493
DB02772,58
DB02772,80834
DB02789,1576
DB02789,8856
DB02789,6820
DB02789,345274
DB02893,10988
DB02925,6557
DB03017,213
DB03017,5465
DB03017,128
DB03017,23643
DB03017,5320
DB03017,7099
DB03017,733
DB03017,2760
DB03017,3172
DB03017,7436
DB03017,51228
DB03017,4057
DB03017,26279
DB03085,2539
DB03088,7422
DB03088,279
DB03088,3537
DB03088,7032
DB03088,10863
DB03088,440021
DB03088,3060
DB03088,6355
DB03088,280
DB03088,283
DB03088,276
DB03128,43
DB03128,1139
DB03128,6580
DB03128,6584
DB03128,1131
DB03128,1128
DB03128,1129
DB03128,1132
DB03147,7498
DB03147,4128
DB03147,2936
DB03147,4842
DB03147,35
DB03147,4835
DB03147,1727
DB03147,4704
DB03147,1738
DB03147,1728
DB03147,5447
DB03147,4129
DB03147,1806
DB03147,7296
DB03147,2639
DB03147,34
DB03147,1610
DB03147,259307
DB03147,56605
DB03147,7175
DB03147,3712
DB03147,27034
DB03147,9131
DB03147,51706
DB03147,2232
DB03147,51
DB03147,2671
DB03166,6566
DB03166,11309
DB03175,4069
DB03193,213
DB03193,5465
DB03193,26279
DB03193,2170
DB03247,55163
DB03247,55312
DB03247,645
DB03247,4842
DB03247,5447
DB03247,1806
DB03247,1723
DB03247,8986
DB03247,51179
DB03247,60490
DB03247,54363
DB03247,6446
DB03255,213
DB03310,2946
DB03310,2936
DB03585,213
DB03585,9356
DB03585,30814
DB03615,5034
DB03619,8647
DB03619,6579
DB03619,6555
DB03619,6554
DB03619,9971
DB03619,2950
DB03754,7422
DB03754,262
DB03754,79661
DB03754,124583
DB03754,1634
DB03756,1559
DB03756,5465
DB03756,5468
DB03756,6256
DB03756,2173
DB03756,6258
DB03756,6257
DB03756,6720
DB03766,10243
DB03766,2167
DB03793,6566
DB03793,9376
DB03793,11309
DB03793,6564
DB03793,25824
DB03793,1610
DB03793,9367
DB03796,213
DB03796,1558
DB03796,5465
DB03796,23541
DB03796,2169
DB03796,6010
DB03796,2170
DB03796,2167
DB03796,5047
DB03796,3174
DB03796,27095
DB03796,5538
DB03796,5375
DB03796,3906
DB03796,2171
DB03843,3553
DB03843,3458
DB03843,3569
DB03843,3576
DB03843,3589
DB03904,383
DB03904,760
DB03904,1499
DB03904,8170
DB03904,6563
DB03929,117247
DB03929,2902
DB03929,2741
DB03929,6317
DB04115,332
DB04173,2272
DB04209,3778
DB04209,331
DB04209,1259
DB04224,213
DB04224,5465
DB04224,5467
DB04224,5468
DB04224,6256
DB04224,2173
DB04224,2638
DB04224,2168
DB04224,51228
DB04224,2170
DB04224,2167
DB04224,5375
DB04272,27232
DB04272,6035
DB04272,353
DB04272,635
DB04272,231
DB04272,4191
DB04272,11309
DB04272,8654
DB04272,6714
DB04272,733
DB04272,283
DB04272,259307
DB04272,4282
DB04272,58190
DB04272,9146
DB04272,11157
DB04272,59338
DB04272,7371
DB04272,10673
DB04272,3704
DB04272,1431
DB04272,9955
DB04272,6037
DB04339,2950
DB04348,5243
DB04348,1244
DB04348,8714
DB04348,8647
DB04348,6579
DB04348,6555
DB04348,6554
DB04348,9356
DB04348,89845
DB04348,9429
DB04348,10599
DB04348,4363
DB04348,6566
DB04348,9971
DB04348,23657
DB04348,9376
DB04348,10257
DB04348,85320
DB04348,11309
DB04348,53919
DB04348,28231
DB04348,200931
DB04348,123264
DB04348,28232
DB04348,2172
DB04348,1056
DB04398,9123
DB04398,9194
DB04398,6566
DB04398,117247
DB04398,6578
DB04398,11309
DB04465,51228
DB04465,360203
DB04465,3958
DB04540,5243
DB04540,9429
DB04540,7421
DB04540,9970
DB04540,6095
DB04540,26253
DB04564,3938
DB04572,1576
DB04572,590
DB04572,1555
DB04573,5243
DB04573,6579
DB04573,6462
DB04573,2099
DB04573,2100
DB04574,1576
DB04574,1544
DB04574,1559
DB04574,213
DB04574,6462
DB04574,55244
DB04574,146802
DB04574,2099
DB04574,2100
DB04575,2099
DB04657,6389
DB04703,9212
DB04711,213
DB04743,1576
DB04743,5743
DB04743,30814
DB04743,4057
DB04794,1576
DB04794,1571
DB04794,1588
DB04794,1555
DB04815,1956
DB04815,5595
DB04815,351
DB04815,5594
DB04816,213
DB04817,1576
DB04817,5742
DB04817,1555
DB04820,1312
DB04820,4128
DB04820,4129
DB04821,4353
DB04821,4128
DB04821,6532
DB04821,6571
DB04821,6531
DB04821,6530
DB04821,4129
DB04821,5004
DB04824,8856
DB04824,6462
DB04824,54600
DB04824,2099
DB04824,9970
DB04825,1576
DB04825,801
DB04825,85366
DB04827,4353
DB04827,5321
DB04827,316
DB04832,1576
DB04832,5243
DB04832,4128
DB04832,6532
DB04832,4129
DB04834,1129
DB04835,1576
DB04835,1234
DB04837,3269
DB04838,1576
DB04838,1066
DB04838,781
DB04839,1576
DB04839,1588
DB04839,367
DB04839,354
DB04840,1565
DB04840,5243
DB04840,1543
DB04840,6530
DB04841,1576
DB04841,1544
DB04841,1565
DB04841,1559
DB04841,1543
DB04841,1548
DB04841,3269
DB04841,8912
DB04841,8913
DB04841,8911
DB04841,801
DB04842,1576
DB04842,786
DB04842,1813
DB04842,3356
DB04843,1131
DB04843,1128
DB04844,1565
DB04844,6571
DB04844,1813
DB04844,873
DB04845,1576
DB04845,10381
DB04846,1565
DB04846,153
DB04846,154
DB04846,150
DB04846,151
DB04846,152
DB04846,155
DB04854,7498
DB04855,1576
DB04855,1565
DB04855,5243
DB04855,213
DB04855,3757
DB04855,148
DB04855,153
DB04855,3776
DB04855,147
DB04855,146
DB04855,150
DB04855,775
DB04855,151
DB04855,152
DB04855,6323
DB04855,783
DB04855,776
DB04855,779
DB04855,782
DB04855,778
DB04855,784
DB04855,785
DB04861,1576
DB04861,1565
DB04861,153
DB04861,154
DB04864,43
DB04865,6122
DB04868,1576
DB04868,1565
DB04868,1559
DB04868,5243
DB04868,1558
DB04868,9429
DB04868,10599
DB04868,1555
DB04868,54658
DB04868,3815
DB04868,25
DB04871,1576
DB04871,1544
DB04871,1565
DB04871,1557
DB04871,1543
DB04871,1555
DB04871,1548
DB04871,2326
DB04871,3358
DB04876,1803
DB04880,5139
DB04890,3269
DB04895,8829
DB04896,1576
DB04896,2902
DB04896,6532
DB04896,6530
DB04897,3480
DB04897,4914
DB04897,3949
DB04897,6517
DB04897,653509
DB04897,4493
DB04897,1869
DB04897,3164
DB04898,2147
DB04898,1559
DB04899,4881
DB04899,4882
DB04899,4883
DB04908,1576
DB04908,3350
DB04908,3356
DB04908,1815
DB04911,1576
DB04911,1565
DB04911,1559
DB04911,1557
DB04920,1576
DB04920,1565
DB04920,1559
DB04920,1571
DB04920,590
DB04920,1557
DB04920,775
DB04920,776
DB04920,779
DB04920,778
DB04930,1576
DB04930,8856
DB04930,1555
DB04930,6323
DB04930,2099
DB04931,4157
DB04932,134
DB04932,135
DB04932,136
DB04938,1576
DB04938,1565
DB04938,1559
DB04938,1557
DB04938,1555
DB04938,2099
DB04941,1080
DB04941,55107
DB04946,1576
DB04946,1565
DB04946,1571
DB04946,1551
DB04946,1577
DB04946,148
DB04946,1813
DB04946,3269
DB04946,3350
DB04946,3363
DB04946,1812
DB04946,3356
DB04946,1814
DB04946,1815
DB04946,3362
DB04946,152
DB04948,1544
DB04948,1565
DB04948,1557
DB04948,148
DB04948,3358
DB04948,55244
DB04948,3352
DB04948,3350
DB04948,3363
DB04948,150
DB04948,340273
DB04951,1544
DB04951,5045
DB04953,54658
DB04953,54659
DB04953,54657
DB04953,54600
DB04953,10
DB04953,3785
DB04953,3786
DB04953,9132
DB04953,56479
DB05013,5578
DB05013,5580
DB05015,1544
DB05015,1559
DB05015,5243
DB05015,1558
DB05015,3065
DB05016,9356
DB05016,9376
DB05018,54658
DB05018,2717
DB05039,1576
DB05039,5243
DB05039,54658
DB05039,154
DB05057,100
DB05084,5745
DB05099,2243
DB05109,1576
DB05109,1565
DB05109,1559
DB05109,5742
DB05109,1571
DB05109,1557
DB05219,1559
DB05219,1558
DB05219,5142
DB05219,5144
DB05219,1555
DB05219,5141
DB05219,5143
DB05239,1576
DB05239,5243
DB05239,9429
DB05239,10599
DB05239,5604
DB05246,1557
DB05246,8913
DB05259,3123
DB05260,632
DB05260,6241
DB05260,7018
DB05260,3553
DB05260,7037
DB05260,526
DB05271,1576
DB05271,1565
DB05271,1813
DB05271,3350
DB05271,1812
DB05271,1816
DB05271,1814
DB05271,1815
DB05271,151
DB05294,1956
DB05294,1576
DB05294,213
DB05294,9429
DB05294,7422
DB05294,4363
DB05294,6582
DB05294,2326
DB05294,5004
DB05294,2328
DB05294,5979
DB05294,7010
DB05294,5753
DB05299,3558
DB05311,3818
DB05316,1813
DB05316,3356
DB05332,4352
DB05351,1576
DB05351,1557
DB05351,23576
DB05351,495
DB05351,496
DB05381,1576
DB05381,1559
DB05381,6582
DB05381,6580
DB05381,6581
DB05381,6584
DB05381,6571
DB05381,3269
DB05381,3274
DB05381,3176
DB05381,11255
DB05389,10296
DB05389,9332
DB05521,1576
DB05521,5243
DB05521,213
DB05521,1577
DB05521,10599
DB05521,11309
DB05521,5004
DB05541,1576
DB05541,1559
DB05541,1557
DB05541,1555
DB05541,6323
DB05541,9900
DB05578,3791
DB05630,7150
DB05676,7124
DB05676,1576
DB05676,5142
DB05676,5144
DB05676,4846
DB05676,5141
DB05676,3558
DB05676,3458
DB05679,3593
DB05773,1576
DB05773,5243
DB05773,2064
DB05773,1577
DB05777,2147
DB05777,2153
DB05812,1576
DB05812,1544
DB05812,1565
DB05812,1559
DB05812,213
DB05812,1557
DB05812,1558
DB05812,4363
DB05812,1586
DB05812,5004
DB05812,6822
DB05829,5745
DB05829,5746
DB05889,5243
DB05889,933
DB05990,1544
DB05990,9971
DB05990,570
DB06016,1576
DB06016,1565
DB06016,1813
DB06016,3269
DB06016,3350
DB06016,3357
DB06016,3356
DB06016,1814
DB06043,5156
DB06077,1813
DB06077,3356
DB06081,7450
DB06144,1576
DB06144,1565
DB06144,3757
DB06144,148
DB06144,1813
DB06144,3358
DB06144,147
DB06144,146
DB06144,3356
DB06144,3362
DB06145,1576
DB06147,1588
DB06148,1576
DB06148,1544
DB06148,1565
DB06148,1555
DB06148,6532
DB06148,6531
DB06148,6530
DB06148,148
DB06148,1813
DB06148,3358
DB06148,4986
DB06148,3269
DB06148,3350
DB06148,3357
DB06148,3363
DB06148,150
DB06148,1812
DB06148,3356
DB06148,1814
DB06148,3362
DB06148,151
DB06148,152
DB06150,1559
DB06151,9356
DB06151,10599
DB06151,95
DB06151,23657
DB06151,2906
DB06151,2902
DB06151,2903
DB06151,2904
DB06151,116443
DB06151,2937
DB06151,1147
DB06151,3551
DB06152,1576
DB06152,3455
DB06152,1312
DB06152,8911
DB06153,148
DB06153,1131
DB06153,1128
DB06153,3358
DB06153,1129
DB06153,147
DB06153,146
DB06153,3269
DB06153,3352
DB06153,3351
DB06153,3350
DB06153,3357
DB06153,150
DB06153,3356
DB06153,151
DB06153,152
DB06153,7365
DB06154,4846
DB06154,217
DB06154,3039
DB06154,2977
DB06154,3043
DB06155,1576
DB06155,1268
DB06155,9290
DB06168,3553
DB06174,1576
DB06174,1559
DB06174,10280
DB06176,1576
DB06176,5243
DB06176,1557
DB06176,1577
DB06176,4363
DB06176,1543
DB06176,1555
DB06176,3066
DB06176,3065
DB06176,9759
DB06176,10013
DB06186,1493
DB06196,290
DB06196,624
DB06201,1576
DB06201,1571
DB06201,213
DB06201,1066
DB06201,6335
DB06201,2915
DB06202,2099
DB06202,2100
DB06202,1269
DB06203,1576
DB06203,1565
DB06203,1803
DB06204,1565
DB06204,1559
DB06204,1557
DB06204,6532
DB06204,6530
DB06204,4988
DB06204,4986
DB06204,4985
DB06204,54600
DB06204,7364
DB06204,3359
DB06205,7040
DB06205,213
DB06207,1576
DB06207,5243
DB06207,148
DB06207,7364
DB06207,147
DB06207,146
DB06207,5244
DB06209,1576
DB06209,1559
DB06209,213
DB06209,1557
DB06209,1555
DB06209,64805
DB06209,8824
DB06210,1544
DB06210,1558
DB06210,9429
DB06210,10599
DB06210,54658
DB06210,54659
DB06210,54600
DB06210,4352
DB06211,9376
DB06211,1800
DB06212,1576
DB06212,5243
DB06212,554
DB06212,552
DB06213,135
DB06215,7018
DB06215,2495
DB06215,2512
DB06216,1576
DB06216,1544
DB06216,1565
DB06216,148
DB06216,153
DB06216,1813
DB06216,3358
DB06216,154
DB06216,54657
DB06216,3269
DB06216,3351
DB06216,3350
DB06216,3357
DB06216,3363
DB06216,150
DB06216,1812
DB06216,3356
DB06216,1814
DB06216,1815
DB06216,3362
DB06216,151
DB06216,152
DB06216,3274
DB06216,3361
DB06217,1565
DB06217,3757
DB06217,6331
DB06217,3752
DB06217,3741
DB06218,1576
DB06218,1559
DB06218,1557
DB06218,6328
DB06218,6336
DB06218,6335
DB06228,1576
DB06228,2159
DB06228,5243
DB06228,1577
DB06228,9429
DB06228,1573
DB06230,4988
DB06230,4986
DB06230,4985
DB06230,54659
DB06230,54576
DB06230,7364
DB06237,1576
DB06237,8654
DB06243,4953
DB06249,2099
DB06249,2100
DB06262,1644
DB06262,117247
DB06262,5053
DB06262,6530
DB06262,148
DB06262,153
DB06262,154
DB06262,147
DB06262,146
DB06262,150
DB06262,151
DB06262,152
DB06262,155
DB06267,1576
DB06267,1577
DB06267,8654
DB06268,1576
DB06268,1559
DB06268,1557
DB06268,1909
DB06268,1910
DB06271,462
DB06271,3053
DB06273,1576
DB06273,3570
DB06274,4988
DB06274,4986
DB06274,4985
DB06282,3269
DB06283,1576
DB06285,5745
DB06287,1576
DB06287,1565
DB06287,5243
DB06287,1551
DB06287,1577
DB06287,2475
DB06288,1813
DB06288,3363
DB06288,3356
DB06288,1814
DB06290,1576
DB06290,1544
DB06290,5243
DB06290,1244
DB06290,213
DB06290,8647
DB06290,6554
DB06290,9429
DB06290,10599
DB06290,11309
DB06292,1576
DB06292,1544
DB06292,1565
DB06292,1559
DB06292,5243
DB06292,1543
DB06292,1548
DB06292,54600
DB06292,7364
DB06292,7363
DB06292,6524
DB06317,57823
DB06335,1576
DB06335,1577
DB06335,4363
DB06335,9376
DB06335,353189
DB06335,1803
DB06366,2064
DB06372,3553
DB06372,3552
DB06372,3557
DB06401,54576
DB06401,54575
DB06401,2099
DB06401,2100
DB06403,1576
DB06403,5243
DB06403,1557
DB06403,1577
DB06403,10599
DB06403,54659
DB06403,54600
DB06403,7364
DB06403,1909
DB06403,1910
DB06404,2147
DB06404,715
DB06404,716
DB06404,5327
DB06404,2160
DB06404,2161
DB06404,3818
DB06410,1593
DB06410,7421
DB06412,1576
DB06412,1565
DB06412,213
DB06412,1551
DB06412,1577
DB06412,4128
DB06412,6462
DB06412,367
DB06412,6715
DB06412,64816
DB06412,4879
DB06413,1576
DB06413,1544
DB06413,1559
DB06413,1557
DB06413,1577
DB06413,1555
DB06413,6531
DB06414,1576
DB06414,1559
DB06414,5243
DB06414,1557
DB06414,5244
DB06439,4023
DB06441,64805
DB06480,1576
DB06480,5243
DB06480,213
DB06480,3360
DB06589,1576
DB06589,1544
DB06589,1565
DB06589,5243
DB06589,2261
DB06589,1558
DB06589,9429
DB06589,10599
DB06589,5159
DB06589,5156
DB06589,54658
DB06589,2324
DB06589,3791
DB06589,3815
DB06589,2321
DB06589,2246
DB06589,3702
DB06589,10019
DB06594,1544
DB06594,1559
DB06594,3358
DB06594,4543
DB06594,4544
DB06595,1576
DB06595,1544
DB06595,1565
DB06595,1559
DB06595,1571
DB06595,1557
DB06595,1551
DB06595,1577
DB06595,1558
DB06595,5159
DB06595,5156
DB06595,5578
DB06595,1555
DB06595,3791
DB06595,2322
DB06595,3815
DB06595,64816
DB06602,3567
DB06603,1576
DB06603,1565
DB06603,5243
DB06603,3065
DB06605,1576
DB06605,1544
DB06605,1559
DB06605,2159
DB06605,5243
DB06605,1557
DB06605,1577
DB06605,1558
DB06605,9429
DB06605,1573
DB06607,2215
DB06607,2214
DB06607,2209
DB06607,2212
DB06607,916
DB06607,4072
DB06608,1565
DB06608,6582
DB06608,55244
DB06608,146802
DB06612,3567
DB06616,1576
DB06616,5243
DB06616,1558
DB06616,25
DB06616,6714
DB06616,613
DB06616,4067
DB06616,5604
DB06616,3055
DB06616,1017
DB06616,5605
DB06616,10746
DB06616,818
DB06626,1576
DB06626,1544
DB06626,5243
DB06626,1557
DB06626,1577
DB06626,10599
DB06626,54658
DB06626,2324
DB06626,3791
DB06626,2321
DB06636,1576
DB06636,5243
DB06637,1571
DB06637,6582
DB06637,3736
DB06637,3751
DB06637,3752
DB06637,3741
DB06637,3737
DB06637,3738
DB06637,3739
DB06637,3742
DB06637,3744
DB06637,3745
DB06637,9312
DB06637,3746
DB06637,3747
DB06637,3748
DB06637,3750
DB06643,8600
DB06650,931
DB06654,1576
DB06654,1544
DB06654,1565
DB06654,1559
DB06654,1571
DB06654,1557
DB06654,1577
DB06654,9429
DB06654,4128
DB06654,1543
DB06654,1555
DB06654,4129
DB06654,28232
DB06655,2740
DB06655,213
DB06655,1803
DB06655,4311
DB06663,1576
DB06663,6751
DB06663,6755
DB06663,6752
DB06663,6753
DB06674,7124
DB06681,942
DB06681,941
DB06684,1576
DB06684,1565
DB06684,1557
DB06684,6532
DB06684,3350
DB06688,55
DB06689,1571
DB06689,2161
DB06691,1565
DB06691,6584
DB06691,6583
DB06691,3269
DB06692,5340
DB06692,590
DB06692,3816
DB06692,5644
DB06692,1504
DB06694,148
DB06694,147
DB06694,146
DB06694,150
DB06694,151
DB06694,152
DB06695,2147
DB06695,5243
DB06695,4835
DB06695,7366
DB06695,54600
DB06695,7364
DB06695,1066
DB06695,8824
DB06697,1576
DB06697,1565
DB06697,1559
DB06697,1557
DB06697,1577
DB06697,1555
DB06698,3269
DB06698,11255
DB06699,2798
DB06700,1576
DB06700,1565
DB06700,6532
DB06700,6531
DB06700,6530
DB06701,6532
DB06701,6531
DB06701,6530
DB06702,1576
DB06702,1565
DB06702,5243
DB06702,1131
DB06702,1128
DB06702,1129
DB06702,1132
DB06702,1133
DB06704,6530
DB06705,213
DB06706,6571
DB06706,148
DB06707,150
DB06708,1576
DB06708,1565
DB06709,1131
DB06710,1576
DB06710,213
DB06710,1588
DB06710,6579
DB06710,9376
DB06710,1555
DB06710,6462
DB06710,2099
DB06710,367
DB06711,148
DB06711,150
DB06712,1576
DB06712,1571
DB06712,1557
DB06712,1558
DB06712,1548
DB06712,781
DB06712,775
DB06712,783
DB06712,776
DB06712,779
DB06712,55799
DB06713,1576
DB06713,213
DB06713,367
DB06713,5241
DB06713,412
DB06714,6571
DB06714,134864
DB06716,213
DB06716,2561
DB06716,2562
DB06716,249
DB06717,1576
DB06717,1559
DB06718,367
DB06719,2798
DB06719,3973
DB06719,1588
DB06720,2629
DB06723,3554
DB06723,4072
DB06723,112744
DB06723,3576
DB06723,3574
DB06725,1559
DB06725,5742
DB06725,5743
DB06729,1565
DB06729,1559
DB06729,1558
DB06729,1555
DB06736,1559
DB06736,5742
DB06736,5743
DB06742,1576
DB06751,775
DB06751,5141
DB06752,5553
DB06754,462
DB06755,5947
DB06755,5949
DB06755,83758
DB06755,5950
DB06755,5948
DB06755,7436
DB06755,53630
DB06756,590
DB06756,596
DB06756,5625
DB06757,383
DB06757,3421
DB06757,3419
DB06757,7018
DB06757,10454
DB06757,48
DB06762,1576
DB06764,148
DB06766,3269
DB06767,3162
DB06767,4792
DB06767,7100
DB06769,1544
DB06770,1544
DB06770,1565
DB06770,1571
DB06770,1558
DB06770,217
DB06770,1543
DB06771,1544
DB06772,1576
DB06772,5243
DB06772,1577
DB06772,1558
DB06772,9429
DB06772,10599
DB06772,81027
DB06772,7277
DB06773,4669
DB06773,290
DB06773,87
DB06773,5236
DB06774,4353
DB06774,1576
DB06774,1544
DB06774,5743
DB06774,1571
DB06774,2752
DB06774,590
DB06774,1621
DB06774,7442
DB06774,4128
DB06774,11331
DB06775,1373
DB06777,1576
DB06777,1593
DB06777,9971
DB06777,1646
DB06777,8856
DB06777,7364
DB06778,1356
DB06778,213
DB06778,5053
DB06778,4128
DB06778,7299
DB06778,6647
DB06778,4015
DB06779,7035
DB06779,7422
DB06779,462
DB06779,6403
DB06779,10855
DB06780,1576
DB06780,4306
DB06781,1576
DB06781,2908
DB06782,351
DB06784,2495
DB06784,2512
DB06784,7037
DB06785,2798
DB06786,1576
DB06786,6608
DB06787,1131
DB06787,1128
DB06787,1129
DB06787,1132
DB06788,2798
DB06789,1576
DB06789,1557
DB06789,1577
DB06789,5241
DB06791,1576
DB06791,6755
DB06791,6752
DB06794,5340
DB06794,2936
DB06794,4255
DB06794,1728
DB06794,5914
DB06794,10928
DB06794,1432
DB06794,831
DB06794,331
DB06794,2551
DB06795,765
DB06796,213
DB06796,2
DB06796,6648
DB06796,4891
DB06800,4988
DB06800,4986
DB06802,5742
DB06802,5743
DB06803,1544
DB06803,1559
DB06804,5743
DB06809,7852
DB06811,5743
DB06813,2356
DB06813,1719
DB06813,7298
DB06813,6573
DB06814,154
DB06817,54658
DB06819,1565
DB06820,1544
DB06820,1565
DB06820,1559
DB06822,3676
DB06822,462
DB06822,6387
DB06822,9507
DB06823,4353
DB06824,2817
DB06825,2798
DB06826,5737
DB07776,1545
DB07776,2101
DB07776,2103
DB08439,1576
DB08439,1559
DB08439,5743
DB08439,4057
DB08604,5468
DB08604,8856
DB08604,367
DB08604,9970
DB08799,3269
DB08801,1129
DB08801,3269
DB08804,1588
DB08804,4128
DB08804,4129
DB08804,367
DB08809,2954
DB08809,5163
DB08813,462
DB08813,4609
DB08813,6403
DB08813,2353
DB08814,5742
DB08814,213
DB08814,4843
DB08814,10846
DB08814,4790
DB08815,1576
DB08815,1813
DB08815,3350
DB08815,3363
DB08815,150
DB08815,3356
DB08815,152
DB08816,1576
DB08816,1565
DB08816,1559
DB08816,5243
DB08816,64805
DB08818,3383
DB08818,7130
DB08818,960
DB08818,3161
DB08818,1463
DB08818,1462
DB08818,708
DB08818,1404
DB08818,145864
DB08818,3026
DB08818,143903
DB08818,55576
DB08818,22927
DB08819,5743
DB08819,5737
DB08820,1576
DB08820,5243
DB08820,213
DB08820,1577
DB08820,5004
DB08820,1080
DB08822,185
DB08823,89832
DB08824,6531
DB08826,54578
DB08827,1576
DB08827,5243
DB08827,4547
DB08828,1576
DB08828,1559
DB08828,5243
DB08828,213
DB08828,1557
DB08828,1558
DB08828,9429
DB08828,5004
DB08828,6608
DB08842,6584
DB08860,1559
DB08860,5243
DB08860,1244
DB08860,213
DB08860,1558
DB08860,8647
DB08860,6554
DB08860,9429
DB08860,10599
DB08860,3156
DB08860,11309
DB08860,54659
DB08860,7364
DB08860,5004
DB08862,10599
DB08862,5579
DB08862,11309
DB08862,887
DB08862,1950
DB08862,5894
DB08862,886
DB08862,5595
DB08864,1576
DB08864,1565
DB08864,5243
DB08864,213
DB08864,1557
DB08864,9429
DB08864,10599
DB08864,8856
DB08864,1555
DB08865,1576
DB08865,5243
DB08865,1577
DB08865,1555
DB08865,238
DB08865,4233
DB08867,1576
DB08867,1544
DB08867,213
DB08867,2908
DB08867,5004
DB08867,367
DB08867,5241
DB08868,1571
DB08868,66002
DB08868,8529
DB08868,3065
DB08868,53637
DB08868,8877
DB08869,2692
DB08870,1576
DB08870,340273
DB08870,943
DB08871,81027
DB08871,596
DB08872,8884
DB08872,781
DB08872,9254
DB08872,160728
DB08873,1576
DB08873,5243
DB08873,1577
DB08874,1576
DB08874,5243
DB08875,1576
DB08875,1559
DB08875,1558
DB08875,3791
DB08875,5979
DB08875,4233
DB08877,1576
DB08877,3716
DB08877,3717
DB08879,10673
DB08880,1544
DB08880,1558
DB08880,9429
DB08880,10599
DB08880,1723
DB08881,1576
DB08881,1544
DB08881,1565
DB08881,1559
DB08881,213
DB08881,1558
DB08881,9429
DB08881,4363
DB08881,1555
DB08881,5004
DB08881,673
DB08882,1576
DB08882,5243
DB08882,6582
DB08882,6580
DB08882,6581
DB08882,1803
DB08883,1576
DB08883,1544
DB08883,1577
DB08883,2890
DB08883,1555
DB08884,1244
DB08884,8714
DB08884,10599
DB08884,10257
DB08885,7422
DB08885,5228
DB08885,7423
DB08886,6906
DB08888,2
DB08888,2335
DB08888,5345
DB08889,5243
DB08889,5693
DB08889,5689
DB08889,5696
DB08889,5698
DB08889,5690
DB08889,5699
DB08890,2984
DB08893,1576
DB08893,1565
DB08893,5243
DB08893,213
DB08893,590
DB08893,6579
DB08893,5004
DB08893,155
DB08894,2057
DB08895,1576
DB08895,213
DB08895,1557
DB08895,3716
DB08895,3717
DB08895,3718
DB08895,7297
DB08896,1576
DB08896,1559
DB08896,5243
DB08896,2263
DB08896,2260
DB08896,1558
DB08896,9429
DB08896,5159
DB08896,5156
DB08896,1555
DB08896,54658
DB08896,54600
DB08896,4914
DB08896,673
DB08896,5894
DB08896,2324
DB08896,3791
DB08896,3815
DB08896,5979
DB08896,2321
DB08896,7010
DB08896,25
DB08896,1969
DB08896,2444
DB08896,4921
DB08896,5600
DB08897,590
DB08897,1131
DB08897,1128
DB08897,1129
DB08897,1132
DB08897,1133
DB08899,1576
DB08899,1565
DB08899,1559
DB08899,6906
DB08899,5243
DB08899,213
DB08899,1557
DB08899,1577
DB08899,1558
DB08899,1555
DB08899,367
DB08900,9340
DB08901,1576
DB08901,1565
DB08901,5243
DB08901,2263
DB08901,2260
DB08901,2264
DB08901,2261
DB08901,1577
DB08901,1558
DB08901,9429
DB08901,5156
DB08901,3791
DB08901,2322
DB08901,3815
DB08901,5979
DB08901,7010
DB08901,25
DB08901,6714
DB08901,3932
DB08901,613
DB08901,4067
DB08903,1576
DB08904,7124
DB08904,10327
DB08905,1576
DB08906,1576
DB08906,5243
DB08906,1551
DB08906,1577
DB08906,1558
DB08906,10599
DB08906,2908
DB08906,866
DB08906,5241
DB08906,4306
DB08907,1576
DB08907,5243
DB08907,1244
DB08907,9429
DB08907,54600
DB08907,5004
DB08907,7363
DB08907,6524
DB08908,9817
DB08908,5970
DB08909,1576
DB08909,1565
DB08909,5406
DB08910,7124
DB08910,1576
DB08910,1544
DB08910,5243
DB08910,5743
DB08910,51185
DB08911,1576
DB08911,1558
DB08911,5604
DB08911,5605
DB08912,1576
DB08912,1559
DB08912,5243
DB08912,1558
DB08912,9356
DB08912,9429
DB08912,10599
DB08912,9376
DB08912,1555
DB08912,673
DB08912,5894
DB08912,150094
DB08912,79858
DB08912,3984
DB08913,472
DB08913,10111
DB08916,1956
DB08916,5243
DB08916,2064
DB08916,9429
DB08916,2066
DB08918,1576
DB08918,1565
DB08918,5243
DB08918,1557
DB08918,1558
DB08918,1573
DB08918,6532
DB08918,6530
DB08930,1576
DB08930,5243
DB08930,9356
DB08930,9429
DB08930,6582
DB08930,9376
DB08930,54658
DB08930,54659
DB08930,54600
DB08931,1576
DB08931,213
DB08931,1558
DB08931,9429
DB08931,1543
DB08931,1573
DB08931,5004
DB08931,2977
DB08932,1576
DB08932,213
DB08932,1557
DB08932,1909
DB08932,1910
DB08933,1576
DB08933,1557
DB08934,5243
DB08934,9429
DB08934,3094
DB08934,51727
DB08934,4830
DB08934,5476
DB08935,931
DB08936,3269
DB08949,338442
DB08949,160728
DB08949,84649
DB08954,2902
DB08954,2904
DB08964,5732
DB08964,5733
DB08971,1576
DB08995,196
DB09016,6532
DB09016,3269
DB09016,3356
DB09026,1576
DB09026,5972
DB09027,5243
DB09027,9429
DB09029,3605
DB09030,1576
DB09030,2149
DB09030,1573
DB09031,5243
DB09031,5337
DB09033,3676
DB09033,3695
DB09034,1576
DB09034,3061
DB09035,5133
DB09036,1576
DB09036,3569
DB09037,5133
DB09038,6524
DB09039,1576
DB09039,1565
DB09039,7357
DB09043,2740
DB09045,2740
DB09046,3953
DB09047,7153
DB09048,1576
DB09048,1565
DB09048,1559
DB09048,64816
DB09048,6869
DB09049,1576
DB09049,1565
DB09049,1557
DB09049,4988
DB09051,2588
DB09052,915
DB09052,930
DB09053,1576
DB09053,1565
DB09053,213
DB09053,1577
DB09053,5004
DB09053,695
DB09054,1576
DB09054,5243
DB09054,1557
DB09054,1551
DB09054,1577
DB09054,1558
DB09054,9429
DB09054,10599
DB09054,316
DB09054,1555
DB09054,64816
DB09059,554
DB09059,552
DB09059,553
DB09059,5021
DB09060,1244
DB09060,9376
DB09061,1576
DB09061,1544
DB09061,1565
DB09061,1559
DB09061,5742
DB09061,5743
DB09061,1557
DB09061,1551
DB09061,1577
DB09061,9429
DB09061,4363
DB09061,1545
DB09061,1139
DB09061,7442
DB09061,5468
DB09061,2876
DB09061,2936
DB09061,2841
DB09061,2741
DB09061,8001
DB09061,3620
DB09061,3156
DB09061,1586
DB09061,1543
DB09061,240
DB09061,6647
DB09061,4988
DB09061,4985
DB09061,2030
DB09061,134
DB09061,3350
DB09061,3356
DB09061,3359
DB09061,1429
DB09061,8912
DB09061,2166
DB09061,8913
DB09061,6609
DB09061,8911
DB09061,1268
DB09061,1269
DB09061,38
DB09061,5319
DB09061,79054
DB09061,8989
DB09061,162514
DB09061,847
DB09061,246
DB09061,9290
DB09061,2835
DB09061,51393
DB09061,59341
DB09061,7416
DB09061,15
DB09061,747
DB09061,27163
DB09061,222236
DB09063,1576
DB09063,1559
DB09063,5243
DB09063,238
DB09064,5465
DB09065,1576
DB09065,1565
DB09065,5243
DB09065,1551
DB09065,1577
DB09065,9429
DB09065,10599
DB09065,64816
DB09066,2492
DB09067,1394
DB09068,1576
DB09068,1565
DB09068,1559
DB09068,1557
DB09068,1577
DB09068,1558
DB09068,1555
DB09068,1548
DB09068,6532
DB09068,153
DB09068,3351
DB09068,3350
DB09068,3363
DB09068,3359
DB09069,30
DB09070,3284
DB09070,3283
DB09070,2099
DB09070,6817
DB09070,412
DB09071,1576
DB09071,1544
DB09071,4543
DB09071,4544
DB09072,7915
DB09072,137872
DB09073,1576
DB09073,5243
DB09073,213
DB09073,9429
DB09073,6580
DB09073,1019
DB09073,1021
DB09074,1576
DB09074,5243
DB09074,1577
DB09074,9429
DB09074,1555
DB09074,142
DB09074,10038
DB09074,10039
DB09075,2159
DB09075,5243
DB09076,1565
DB09076,5243
DB09076,1131
DB09076,1128
DB09076,1129
DB09076,1132
DB09076,1133
DB09077,2583
DB09077,4613
DB09078,1576
DB09078,1544
DB09078,1565
DB09078,1559
DB09078,5243
DB09078,2263
DB09078,2260
DB09078,2264
DB09078,2261
DB09078,1557
DB09078,1558
DB09078,8647
DB09078,9356
DB09078,9429
DB09078,10599
DB09078,6582
DB09078,9376
DB09078,316
DB09078,1555
DB09078,2324
DB09078,3791
DB09078,3815
DB09078,2321
DB09079,1576
DB09079,5243
DB09079,2263
DB09079,2260
DB09079,2261
DB09079,2324
DB09079,3791
DB09079,2322
DB09079,2321
DB09079,6714
DB09079,3932
DB09079,4067
DB09080,1559
DB09080,1558
DB09080,154
DB09081,6582
DB09082,1576
DB09082,154
DB09083,1576
DB09083,610
DB09085,6261
DB09085,6262
DB09086,2099
DB09086,2100
DB09086,367
DB09086,162514
DB09087,213
DB09089,1576
DB09089,1131
DB09089,1128
DB09089,4988
DB09089,1129
DB09089,775
DB09089,1132
DB09089,8913
DB09089,3778
DB09090,1576
DB09090,779
DB09091,2908
DB09091,3066
DB09092,4191
DB09092,3419
DB09092,2597
DB09092,4967
DB09092,23530
DB09092,6122
DB09093,213
DB09095,1576
DB09095,2908
DB09095,306
DB09097,1813
DB09097,1812
DB09098,3480
DB09098,2690
DB09099,1576
DB09099,5243
DB09099,6751
DB09099,6755
DB09099,6752
DB09099,6753
DB09099,6754
DB09101,1576
DB09102,1576
DB09102,5243
DB09102,1551
DB09102,1577
DB09102,9429
DB09102,10599
DB09102,64816
DB09103,3815
DB09105,1901
DB09107,2057
DB09108,7450
DB09109,2147
DB09109,2159
DB09109,2158
DB09110,2936
DB09112,3039
DB09112,3043
DB09112,4151
DB09113,3458
DB09113,3567
DB09113,6356
DB09115,2950
DB09115,351
DB09116,222
DB09116,847
DB09117,217
DB09118,1576
DB09118,1544
DB09118,1565
DB09118,1559
DB09118,1557
DB09118,3939
DB09118,3945
DB09118,2554
DB09119,1576
DB09119,1557
DB09119,54658
DB09119,5025
DB09120,1544
DB09120,1559
DB09120,1571
DB09120,1557
DB09120,7442
DB09121,107
DB09121,108
DB09121,111
DB09122,3455
DB09122,3454
DB09122,1544
DB09122,1356
DB09122,332
DB09122,4312
DB09122,4155
DB09123,1576
DB09123,367
DB09123,5241
DB09124,1576
DB09124,213
DB09124,6462
DB09124,866
DB09124,5241
DB09125,5741
DB09126,3973
DB09128,1576
DB09128,1565
DB09128,1813
DB09128,147
DB09128,3350
DB09128,3356
DB09128,152
DB09129,3643
DB09130,2147
DB09130,714
DB09130,716
DB09130,5340
DB09130,5054
DB09130,6906
DB09130,3309
DB09130,811
DB09130,718
DB09130,721
DB09130,727
DB09130,7123
DB09130,3856
DB09130,7448
DB09130,2157
DB09130,2153
DB09130,1356
DB09130,213
DB09130,5478
DB09130,2
DB09130,2805
DB09130,5315
DB09130,1621
DB09130,5066
DB09130,95
DB09130,4128
DB09130,2936
DB09130,2937
DB09130,2741
DB09130,7358
DB09130,3939
DB09130,3419
DB09130,2597
DB09130,1727
DB09130,7299
DB09130,10327
DB09130,347
DB09130,6647
DB09130,866
DB09130,7276
DB09130,3039
DB09130,203068
DB09130,462
DB09130,3053
DB09130,7018
DB09130,475
DB09130,1317
DB09130,1318
DB09130,540
DB09130,538
DB09130,307
DB09130,308
DB09130,26
DB09130,3320
DB09130,7184
DB09130,5230
DB09130,4830
DB09130,351
DB09130,5621
DB09130,6273
DB09130,6275
DB09130,5444
DB09130,3043
DB09130,3312
DB09130,3483
DB09130,6279
DB09130,79661
DB09130,252969
DB09130,1915
DB09130,2023
DB09130,5034
DB09130,2923
DB09130,5052
DB09130,9973
DB09130,1
DB09130,183
DB09130,197
DB09130,325
DB09130,335
DB09130,336
DB09130,337
DB09130,55911
DB09130,348
DB09130,722
DB09130,732
DB09130,3075
DB09130,3426
DB09130,1191
DB09130,2934
DB09130,3250
DB09130,3698
DB09130,3827
DB09130,3848
DB09130,3858
DB09130,3849
DB09130,3857
DB09130,114770
DB09130,5265
DB09130,5267
DB09130,333
DB09130,9588
DB09130,191
DB09130,6622
DB09130,283
DB09130,87
DB09130,4015
DB09130,4891
DB09130,708
DB09130,5345
DB09130,3921
DB09130,71
DB09130,3329
DB09130,6782
DB09130,6187
DB09130,6426
DB09130,3181
DB09130,3187
DB09130,3189
DB09130,3191
DB09130,6421
DB09130,8175
DB09130,10399
DB09130,7086
DB09130,7001
DB09130,10728
DB09130,10963
DB09130,3692
DB09130,1973
DB09130,2821
DB09130,7278
DB09130,1072
DB09130,7529
DB09130,3068
DB09130,1192
DB09130,5720
DB09130,5037
DB09130,5223
DB09130,5902
DB09130,567
DB09130,6341
DB09130,3064
DB09130,341208
DB09130,627
DB09130,11315
DB09130,3375
DB09130,6866
DB09130,173
DB09130,344
DB09130,345
DB09130,350
DB09130,563
DB09130,735
DB09130,23468
DB09130,3500
DB09130,3503
DB09130,3543
DB09130,116844
DB09130,4060
DB09130,5473
DB09130,5176
DB09130,710
DB09130,10063
DB09130,9843
DB09130,4520
DB09131,5624
DB09131,1476
DB09137,10599
DB09139,213
DB09140,3039
DB09140,3043
DB09140,27035
DB09141,2159
DB09141,462
DB09143,1576
DB09143,6608
DB09144,5054
DB09144,6898
DB09144,2897
DB09144,2030
DB09144,9154
DB09144,6517
DB09146,3039
DB09146,7018
DB09148,1573
DB09148,351
DB09148,8529
DB09149,351
DB09151,351
DB09154,9058
DB09154,89874
DB09154,284111
DB09154,6576
DB09160,5243
DB09161,5243
DB09161,4363
DB09167,1544
DB09167,1565
DB09167,1559
DB09167,1557
DB09167,6532
DB09167,6530
DB09167,148
DB09167,1131
DB09167,1128
DB09167,1129
DB09167,3269
DB09167,3350
DB09167,150
DB09167,3356
DB09167,1132
DB09167,1133
DB09183,1576
DB09183,1565
DB09183,5243
DB09183,1558
DB09183,9429
DB09183,340273
DB09185,1544
DB09185,6530
DB09195,1576
DB09195,1565
DB09195,213
DB09195,6532
DB09195,148
DB09195,3358
DB09195,3269
DB09195,150
DB09195,3356
DB09205,1576
DB09205,590
DB09205,148
DB09209,4988
DB09209,4986
DB09209,4985
DB09210,7421
DB09210,2897
DB09210,2890
DB09210,2891
DB09210,2893
DB09210,54657
DB09210,4914
DB09210,4780
DB09212,5742
DB09212,5743
DB09213,5327
DB09213,1559
DB09213,5243
DB09213,5742
DB09213,5743
DB09213,7056
DB09213,213
DB09213,1557
DB09213,1558
DB09213,6579
DB09213,9356
DB09213,4363
DB09213,5465
DB09213,5468
DB09213,9376
DB09213,10257
DB09213,54658
DB09213,11309
DB09213,55867
DB09213,6564
DB09213,54659
DB09213,54600
DB09213,7364
DB09213,7363
DB09213,2169
DB09213,1080
DB09213,596
DB09213,2811
DB09213,6278
DB09213,23600
DB09214,5742
DB09214,5743
DB09216,1576
DB09216,5742
DB09216,5743
DB09220,10060
DB09225,1576
DB09225,1544
DB09225,6532
DB09225,6530
DB09225,1813
DB09225,3363
DB09225,1812
DB09225,3356
DB09225,3362
DB09228,2147
DB09228,715
DB09228,716
DB09228,5327
DB09228,2160
DB09228,2161
DB09228,3818
DB09236,1576
DB09236,213
DB09236,775
DB09236,5004
DB09237,1576
DB09237,4843
DB09237,4846
DB09237,775
DB09238,1576
DB09238,1565
DB09238,1559
DB09238,1557
DB09238,1543
DB09238,1555
DB09238,775
DB09238,8913
DB09241,4842
DB09241,2977
DB09242,150
DB09242,11188
DB09256,1544
DB09256,6906
DB09256,1571
DB09256,1577
DB09256,1558
DB09256,1548
DB09256,7298
DB09257,1806
DB09258,5104
DB09258,2159
DB09258,462
DB09258,3053
DB09265,2740
DB09266,4360
DB09269,1066
DB09270,5243
DB09270,6389
DB09270,3156
DB09270,4731
DB09270,3949
DB09270,7436
DB09272,1244
DB09272,10599
DB09272,9376
DB09272,4988
DB09272,4986
DB09272,4985
DB09274,1576
DB09274,1548
DB09276,54658
DB09280,1576
DB09280,1559
DB09280,5243
DB09280,213
DB09280,1557
DB09280,1558
DB09280,1555
DB09280,1080
DB09282,8654
DB09282,2977
DB09287,1571
DB09287,174
DB09287,2981
DB09287,7038
DB09291,1576
DB09291,1565
DB09291,5243
DB09291,9429
DB09292,10599
DB09292,4311
DB09296,5243
DB09296,1558
DB09296,9429
DB09297,1576
DB09297,5243
DB09297,1577
DB09297,9429
DB09297,10599
DB09299,1576
DB09299,5243
DB09299,213
DB09299,9356
DB09299,9429
DB09299,10599
DB09299,9376
DB09299,10257
DB09299,1066
DB09299,204
DB09299,4830
DB09299,4831
DB09299,5476
DB09299,203
DB09300,1131
DB09300,1129
DB09301,7422
DB09301,3074
DB09301,6347
DB09301,2588
DB09301,627
DB09301,2668
DB09301,2990
DB09301,3423
DB09301,3425
DB09301,411
DB09302,255738
DB09303,255738
DB09310,2165
DB09317,1576
DB09317,6906
DB09317,2099
DB09318,1576
DB09318,6906
DB09318,2099
DB09320,2215
DB09320,2214
DB09320,4842
DB09320,6261
DB09320,3359
DB09320,6336
DB09320,2539
DB09320,6262
DB09325,2875
DB09326,162417
DB09326,51458
DB09327,1548
DB09327,10864
DB09327,2030
DB09327,7298
DB09327,9154
DB09327,3177
DB09327,1806
DB09328,1544
DB09328,1571
DB09328,3992
DB09328,6785
DB09328,38
DB09328,30
DB09329,7450
DB09330,1956
DB09330,1576
DB09330,1544
DB09330,5243
DB09330,9429
DB09331,952
DB09332,2147
DB09332,2159
DB09332,2158
DB09332,5624
DB09332,2677
DB09332,2155
DB09332,5627
DB09332,5447
DB09332,79001
DB09333,213
DB09333,1735
DB09334,4158
DB09336,931
DB09336,4072
DB09340,2990
DB09341,6513
DB09341,6514
DB09341,56606
DB09341,3098
DB09341,2645
DB09341,6515
DB09341,6517
DB09341,11182
DB09341,29988
DB09341,81031
DB09341,66035
DB09341,154091
DB09341,6523
DB09342,1066
DB09343,6582
DB09343,55244
DB09343,1890
DB09345,6331
DB09345,6323
DB09345,6328
DB09345,6336
DB09345,6335
DB09345,6329
DB09345,6326
DB09345,11280
DB09345,6334
DB09348,213
DB09351,1565
DB09351,153
DB09352,1565
DB09352,7421
DB09352,6571
DB09352,6531
DB09352,9607
DB09352,134864
DB09352,148
DB09352,54657
DB09352,150
DB09352,9
DB09352,4914
DB09352,6750
DB09352,4780
DB09352,2670
DB09357,3162
DB09369,2099
DB09371,1576
DB09371,6462
DB09371,2099
DB09371,367
DB09374,1244
DB09374,8647
DB09374,2744
DB09374,3417
DB09378,1576
DB09381,1576
DB09381,6906
DB09383,1576
DB09383,213
DB09389,1576
DB09389,1588
DB09389,367
DB09389,5241
DB09389,6715
DB09395,55902
DB09401,596
DB09401,598
DB09401,4170
DB09407,43
DB09409,2902
DB09413,248
DB09418,213
DB09418,6528
DB09421,7201
DB09422,5465
DB09449,6574
DB09449,6575
DB09449,6569
DB09449,10568
DB09449,142680
DB09460,759
DB09460,760
DB09460,762
DB09460,768
DB09462,1571
DB09462,5467
DB09462,27306
DB09462,2950
DB09462,125
DB09462,216
DB09462,3708
DB09462,30814
DB09462,1787
DB09462,5047
DB09462,51477
DB09462,4668
DB09462,7048
DB09462,375
DB09462,9061
DB09472,759
DB09472,760
DB09477,1636
DB09477,623
DB09479,476
DB09479,486
DB09479,477
DB09479,478
DB09479,481
DB09479,482
DB09479,483
DB09479,480
DB09481,2902
DB09481,140803
DB09481,54946
DB09481,54805
DB09481,54822
DB09488,3269
DB09496,5468
DB09496,2099
DB09496,2100
DB09496,6347
DB09496,163882
DB09498,6546
DB09498,8911
DB09498,249
DB09499,7263
DB09502,6513
DB09502,6514
DB09502,56606
DB09502,3098
DB09502,6515
DB09502,6517
DB09502,6518
DB09502,11182
DB09502,29988
DB09502,81031
DB09502,66035
DB09502,154091
DB09517,3039
DB09517,3043
DB09517,2512
DB09526,213
DB09526,7299
DB09532,6344
DB09535,2099
DB09535,2100
DB09536,8685
DB09539,6646
DB09539,6720
DB09546,6530
DB09552,528
DB09555,1576
DB09555,1565
DB09555,6582
DB09555,6580
DB09555,3269
DB09559,1956
DB09564,3643
DB09564,3480
DB09564,213
DB09568,1576
DB09568,6785
DB09568,3028
DB09568,3033
DB09568,8529
DB09568,4023
DB09568,84649
DB09568,5037
DB09568,1892
DB09568,58488
DB09570,1576
DB09570,1544
DB09570,1565
DB09570,1559
DB09570,1557
DB09570,1558
DB09570,1555
DB09571,5409
DB10770,7124
DB10770,1438
DB10770,3554
DB10770,2263
DB10770,7040
DB10770,5159
DB10770,2321
DB10770,2246
DB10770,3458
DB10770,3569
DB10770,7048
DB10772,1956
DB10772,7124
DB10772,1438
DB10772,2263
DB10772,7040
DB10772,5156
DB10772,7422
DB10772,2246
DB10772,3553
DB10772,3458
DB10772,3569
DB10772,7048
DB11059,6513
DB11064,2099
DB11064,367
DB11064,5241
DB11071,5742
DB11071,5743
DB11075,4072
DB11077,1579
DB11077,128
DB11077,6817
DB11077,5167
DB11077,10553
DB11079,5742
DB11079,5743
DB11081,2746
DB11087,8856
DB11090,3757
DB11090,4582
DB11091,2876
DB11091,847
DB11093,811
DB11093,821
DB11093,213
DB11093,6546
DB11093,6261
DB11093,775
DB11093,8913
DB11093,801
DB11093,777
DB11093,773
DB11093,6285
DB11093,6284
DB11093,846
DB11093,10016
DB11093,6262
DB11093,10519
DB11093,6717
DB11093,11261
DB11093,6678
DB11093,2201
DB11093,845
DB11093,9104
DB11093,553115
DB11093,6277
DB11093,7178
DB11093,10518
DB11093,844
DB11093,4924
DB11093,4925
DB11093,84467
DB11093,25801
DB11093,8618
DB11093,805
DB11093,808
DB11093,140576
DB11093,794
DB11093,828
DB11093,93664
DB11093,125972
DB11093,9378
DB11093,23413
DB11093,55503
DB11093,56302
DB11093,9033
DB11093,6263
DB11093,342372
DB11093,117144
DB11093,793
DB11093,795
DB11094,1576
DB11094,7421
DB11094,2638
DB11094,1594
DB11094,120227
DB11095,1357
DB11098,6557
DB11098,6558
DB11100,6906
DB11113,5733
DB11113,5734
DB11118,2752
DB11118,27165
DB11118,1373
DB11120,5594
DB11124,148
DB11124,153
DB11124,154
DB11124,147
DB11124,146
DB11124,150
DB11124,151
DB11124,152
DB11124,155
DB11127,2876
DB11127,7296
DB11130,1576
DB11130,1565
DB11130,213
DB11130,4988
DB11130,4986
DB11130,4985
DB11130,567
DB11131,7442
DB11132,8685
DB11133,5743
DB11133,5465
DB11133,5468
DB11133,240
DB11133,6720
DB11134,1356
DB11134,213
DB11135,51540
DB11135,2936
DB11135,7296
DB11136,7018
DB11136,1528
DB11148,213
DB11148,590
DB11148,786
DB11148,3758
DB11148,5004
DB11155,1545
DB11155,1543
DB11156,1579
DB11156,1128
DB11156,2859
DB11157,3859
DB11157,3849
DB11157,9479
DB11166,2147
DB11166,2159
DB11181,1131
DB11181,1128
DB11181,1066
DB11181,1129
DB11181,1132
DB11181,1133
DB11182,213
DB11182,4069
DB11182,7018
DB11182,4057
DB11186,3757
DB11186,4988
DB11186,4986
DB11186,10280
DB11193,7099
DB11198,1576
DB11198,1544
DB11201,5742
DB11201,5743
DB11217,213
DB11217,7299
DB11219,2099
DB11219,2100
DB11219,367
DB11219,5241
DB11221,6462
DB11235,1131
DB11235,1128
DB11235,1129
DB11235,3269
DB11235,1132
DB11235,1133
DB11251,1576
DB11251,5243
DB11251,949
DB11251,284904
DB11251,266629
DB11251,23541
DB11251,7274
DB11251,3949
DB11251,8529
DB11251,55911
DB11251,7436
DB11254,7052
DB11254,7299
DB11254,7150
DB11256,4548
DB11256,113235
DB11256,6573
DB11273,1576
DB11273,148
DB11273,153
DB11273,3350
DB11274,1576
DB11274,1813
DB11274,1812
DB11274,1814
DB11275,1812
DB11278,148
DB11278,153
DB11278,150
DB11294,3106
DB11294,3105
DB11300,2243
DB11300,2157
DB11300,2153
DB11300,2149
DB11300,2160
DB11300,2162
DB11300,2165
DB11300,9002
DB11300,2244
DB11300,2266
DB11311,2243
DB11311,2159
DB11311,2162
DB11311,2244
DB11311,1361
DB11323,5742
DB11323,5743
DB11327,5743
DB11327,4843
DB11328,10544
DB11338,1438
DB11338,1277
DB11338,7412
DB11338,3627
DB11348,811
DB11348,821
DB11348,213
DB11348,6546
DB11348,6261
DB11348,775
DB11348,8913
DB11348,801
DB11348,777
DB11348,773
DB11348,6285
DB11348,6284
DB11348,846
DB11348,10016
DB11348,6262
DB11348,6574
DB11348,6575
DB11348,6569
DB11348,10568
DB11348,142680
DB11348,10519
DB11348,6717
DB11348,11261
DB11348,6678
DB11348,2201
DB11348,845
DB11348,9104
DB11348,553115
DB11348,6277
DB11348,7178
DB11348,10518
DB11348,844
DB11348,4924
DB11348,4925
DB11348,84467
DB11348,25801
DB11348,8618
DB11348,805
DB11348,808
DB11348,140576
DB11348,794
DB11348,828
DB11348,93664
DB11348,125972
DB11348,9378
DB11348,23413
DB11348,55503
DB11348,56302
DB11348,9033
DB11348,6263
DB11348,342372
DB11348,117144
DB11348,793
DB11348,795
DB11359,213
DB11362,1576
DB11362,5243
DB11362,1558
DB11362,10599
DB11362,1066
DB11362,5739
DB11363,5243
DB11363,9429
DB11363,238
DB11386,3757
DB11431,1576
DB11431,5243
DB11431,9429
DB11560,1559
DB11560,55867
DB11560,116085
DB11563,3988
DB11569,3605
DB11571,2243
DB11571,2157
DB11571,2153
DB11571,2160
DB11571,2162
DB11571,2165
DB11571,2244
DB11571,2266
DB11572,2243
DB11572,2157
DB11572,2153
DB11572,2160
DB11572,2162
DB11572,2165
DB11572,2244
DB11572,2266
DB11574,1576
DB11574,5243
DB11574,1551
DB11574,1577
DB11574,64816
DB11575,1576
DB11575,5243
DB11575,213
DB11575,10599
DB11575,5004
DB11577,148
DB11577,196
DB11580,727
DB11581,1576
DB11581,5243
DB11581,9429
DB11581,10599
DB11581,596
DB11584,1812
DB11586,1576
DB11586,1565
DB11586,1559
DB11586,5243
DB11586,1557
DB11586,1577
DB11586,10599
DB11586,1555
DB11586,1548
DB11586,11309
DB11587,154
DB11588,4151
DB11590,213
DB11590,4548
DB11590,23657
DB11590,2876
DB11590,2936
DB11590,3708
DB11590,486
DB11590,6648
DB11591,6579
DB11591,11309
DB11591,3269
DB11591,340273
DB11595,29126
DB11597,6007
DB11598,462
DB11601,7097
DB11605,1576
DB11605,5465
DB11605,9971
DB11605,8856
DB11606,7450
DB11607,7450
DB11608,2159
DB11608,3480
DB11608,4914
DB11608,3949
DB11608,6517
DB11608,653509
DB11608,4493
DB11608,1869
DB11608,3164
DB11611,1559
DB11611,6579
DB11611,3683
DB11611,11309
DB11613,1576
DB11613,5243
DB11613,1558
DB11613,9429
DB11613,10599
DB11613,1555
DB11613,11309
DB11614,1576
DB11614,1565
DB11614,1559
DB11614,1557
DB11614,3269
DB11614,5724
DB11619,2798
DB11619,1576
DB11619,6462
DB11619,2908
DB11619,2099
DB11619,367
DB11619,5241
DB11626,7133
DB11626,7132
DB11632,1557
DB11632,1558
DB11632,1312
DB11633,1576
DB11633,1565
DB11633,1559
DB11633,5243
DB11633,1557
DB11633,1577
DB11633,1558
DB11633,9429
DB11633,6582
DB11633,1555
DB11633,3757
DB11633,6331
DB11633,54576
DB11633,54600
DB11633,3767
DB11633,775
DB11633,3752
DB11633,3763
DB11633,3765
DB11633,3784
DB11633,3741
DB11635,1576
DB11635,5243
DB11635,949
DB11635,284904
DB11635,266629
DB11635,23541
DB11635,19
DB11635,29881
DB11635,7274
DB11635,64240
DB11635,64241
DB11635,8529
DB11635,55911
DB11636,1576
DB11637,1576
DB11637,213
DB11637,5004
DB11639,659
DB11639,657
DB11640,3736
DB11640,9
DB11640,10
DB11641,1576
DB11641,5243
DB11641,213
DB11641,5004
DB11641,340273
DB11641,203068
DB11642,1576
DB11642,1544
DB11642,1565
DB11642,6580
DB11642,1555
DB11642,3757
DB11642,11255
DB11644,7276
DB11653,4158
DB11653,4157
DB11660,11309
DB11660,5737
DB11672,1576
DB11672,1544
DB11672,1565
DB11672,1559
DB11672,5243
DB11672,5468
DB11672,7421
DB11672,2938
DB11672,2944
DB11672,2950
DB11672,10057
DB11672,1555
DB11672,873
DB11691,1576
DB11691,4988
DB11691,4986
DB11691,4985
DB11691,54659
DB11691,340273
DB11699,3359
DB11703,1576
DB11703,1577
DB11703,695
DB11712,1576
DB11712,5243
DB11712,1577
DB11712,1080
DB11714,941
DB11714,29126
DB11718,1576
DB11718,1565
DB11718,1557
DB11718,673
DB11718,595
DB11730,1576
DB11730,1019
DB11730,1021
DB11738,150
DB11742,1576
DB11750,1576
DB11753,1576
DB11753,1544
DB11753,1565
DB11753,1559
DB11753,5243
DB11753,213
DB11753,1557
DB11753,1558
DB11753,6579
DB11753,10599
DB11753,6578
DB11753,1555
DB11753,11309
DB11753,55244
DB11760,5243
DB11760,9429
DB11760,142
DB11760,10038
DB11767,2215
DB11767,2214
DB11767,2209
DB11767,2212
DB11767,2213
DB11767,1576
DB11767,2875
DB11767,84706
DB11767,3570
DB11793,142
DB11793,10038
DB11793,2990
DB11799,1576
DB11799,54658
DB11799,55244
DB11799,5452
DB11817,1576
DB11817,9356
DB11817,9429
DB11817,6582
DB11817,9376
DB11817,146802
DB11817,2185
DB11817,3716
DB11817,3717
DB11817,3718
DB11823,1576
DB11823,1559
DB11823,1557
DB11823,2902
DB11823,2904
DB11823,1555
DB11823,6531
DB11823,4915
DB11823,627
DB11823,1938
DB11827,5243
DB11827,213
DB11827,9429
DB11827,54658
DB11827,54657
DB11827,54600
DB11827,7364
DB11827,6524
DB11828,1956
DB11828,1576
DB11828,5243
DB11828,213
DB11828,5004
DB11828,2328
DB11834,51561
DB11842,185
DB11855,1565
DB11855,5243
DB11855,213
DB11855,9429
DB11855,10599
DB11855,1128
DB11859,231
DB11859,2554
DB11901,1576
DB11901,1559
DB11901,5243
DB11901,1557
DB11901,1558
DB11901,9429
DB11901,10599
DB11901,6582
DB11901,9376
DB11901,2554
DB11901,146802
DB11901,367
DB11915,1576
DB11915,1565
DB11915,1577
DB11921,1576
DB11921,2908
DB11943,1576
DB11943,1559
DB11943,1571
DB11943,213
DB11943,9429
DB11943,54658
DB11943,7366
DB11943,54659
DB11943,340273
DB11945,29126
DB11952,1576
DB11952,5243
DB11952,9429
DB11952,5293
DB11952,5294
DB11963,1956
DB11963,1576
DB11963,1565
DB11963,1559
DB11963,5243
DB11963,213
DB11963,9429
DB11963,6580
DB11963,54658
DB11967,7124
DB11967,1544
DB11967,1557
DB11967,54658
DB11967,3553
DB11967,3569
DB11967,5605
DB11967,4214
DB11978,1576
DB11978,5243
DB11978,213
DB11978,1558
DB11978,9429
DB11978,54600
DB11978,55244
DB11978,146802
DB11978,6608
DB11979,2798
DB11979,1576
DB11979,1565
DB11979,5243
DB11979,1558
DB11979,10599
DB11988,931
DB11994,1576
DB11994,1544
DB11994,1565
DB11994,1559
DB11994,1571
DB11994,240
DB11994,10062
DB11994,7376
DB11995,1559
DB11995,5243
DB11995,1558
DB11995,9429
DB11995,9376
DB11995,4352
DB12001,1576
DB12001,5243
DB12001,213
DB12001,9429
DB12001,5009
DB12001,55244
DB12001,146802
DB12001,5004
DB12001,1019
DB12001,1021
DB12010,1956
DB12010,1576
DB12010,3643
DB12010,2263
DB12010,2260
DB12010,2261
DB12010,2064
DB12010,9429
DB12010,5159
DB12010,5156
DB12010,5292
DB12010,5562
DB12010,240
DB12010,54658
DB12010,2030
DB12010,54600
DB12010,5293
DB12010,8654
DB12010,3551
DB12010,340273
DB12010,2166
DB12010,4914
DB12010,4915
DB12010,2475
DB12010,673
DB12010,5894
DB12010,2324
DB12010,3791
DB12010,2322
DB12010,3815
DB12010,5979
DB12010,2321
DB12010,7010
DB12010,5170
DB12010,1436
DB12010,780
DB12010,25
DB12010,140
DB12010,6197
DB12010,2185
DB12010,6714
DB12010,1969
DB12010,3932
DB12010,7525
DB12010,27
DB12010,2534
DB12010,695
DB12010,1445
DB12010,2044
DB12010,2050
DB12010,2268
DB12010,2444
DB12010,4067
DB12010,1432
DB12010,1457
DB12010,9212
DB12010,85366
DB12010,5580
DB12010,5753
DB12010,3702
DB12010,3055
DB12010,5605
DB12010,10746
DB12010,818
DB12010,238
DB12010,4233
DB12010,3716
DB12010,3717
DB12010,3718
DB12010,7297
DB12010,4921
DB12010,150094
DB12010,79858
DB12010,3984
DB12010,2066
DB12010,1019
DB12010,7048
DB12010,659
DB12010,5294
DB12010,4214
DB12010,6850
DB12010,1520
DB12010,1514
DB12010,27330
DB12010,56997
DB12010,167359
DB12010,51765
DB12010,5566
DB12010,8428
DB12010,6788
DB12010,7006
DB12010,65975
DB12010,140901
DB12010,27148
DB12010,11329
DB12010,23012
DB12010,27347
DB12010,57551
DB12010,9344
DB12010,51347
DB12010,29110
DB12010,7016
DB12010,7046
DB12010,7075
DB12010,9874
DB12010,11011
DB12010,23043
DB12010,8711
DB12010,10188
DB12010,51086
DB12010,83942
DB12010,7272
DB12010,7294
DB12010,7301
DB12010,8408
DB12010,9706
DB12010,25989
DB12010,7465
DB12010,80122
DB12010,7535
DB12010,22848
DB12010,90
DB12010,91
DB12010,79934
DB12010,255239
DB12010,6790
DB12010,6795
DB12010,558
DB12010,640
DB12010,55589
DB12010,658
DB12010,660
DB12010,8536
DB12010,57118
DB12010,57172
DB12010,815
DB12010,816
DB12010,817
DB12010,84254
DB12010,10645
DB12010,8573
DB12010,1448
DB12010,983
DB12010,55561
DB12010,8814
DB12010,8999
DB12010,1111
DB12010,11200
DB12010,11113
DB12010,1195
DB12010,1196
DB12010,1198
DB12010,57396
DB12010,1452
DB12010,1459
DB12010,1612
DB12010,23604
DB12010,1613
DB12010,9201
DB12010,166614
DB12010,85443
DB12010,1859
DB12010,9149
DB12010,27102
DB12010,5610
DB12010,440275
DB12010,2041
DB12010,2042
DB12010,2043
DB12010,285220
DB12010,2045
DB12010,2046
DB12010,2047
DB12010,2048
DB12010,2051
DB12010,2081
DB12010,2241
DB12010,2242
DB12010,2580
DB12010,2931
DB12010,2932
DB12010,28996
DB12010,10114
DB12010,22858
DB12010,9641
DB12010,3645
DB12010,3654
DB12010,11213
DB12010,51135
DB12010,23387
DB12010,9113
DB12010,3985
DB12010,120892
DB12010,4058
DB12010,5606
DB12010,5607
DB12010,5608
DB12010,4294
DB12010,4296
DB12010,7786
DB12010,9175
DB12010,389840
DB12010,4215
DB12010,4216
DB12010,9064
DB12010,4293
DB12010,11184
DB12010,5871
DB12010,8491
DB12010,9448
DB12010,11183
DB12010,5602
DB12010,5603
DB12010,225689
DB12010,5596
DB12010,5598
DB12010,5601
DB12010,8550
DB12010,4139
DB12010,2011
DB12010,4140
DB12010,57787
DB12010,23332
DB12010,22983
DB12010,4145
DB12010,9833
DB12010,10461
DB12010,50488
DB12010,8569
DB12010,2872
DB12010,4486
DB12010,4593
DB12010,4638
DB12010,91807
DB12010,340156
DB12010,53904
DB12010,4750
DB12010,4751
DB12010,4752
DB12010,6787
DB12010,341676
DB12010,91754
DB12010,4916
DB12010,9891
DB12010,81788
DB12010,9943
DB12010,5058
DB12010,5062
DB12010,5063
DB12010,10298
DB12010,56924
DB12010,57144
DB12010,5127
DB12010,5128
DB12010,65061
DB12010,5260
DB12010,5298
DB12010,5287
DB12010,5288
DB12010,415116
DB12010,8396
DB12010,79837
DB12010,9088
DB12010,5585
DB12010,5586
DB12010,5347
DB12010,10769
DB12010,1263
DB12010,10733
DB12010,5567
DB12010,5581
DB12010,5582
DB12010,5584
DB12010,5588
DB12010,5587
DB12010,5593
DB12010,8899
DB12010,5747
DB12010,83732
DB12010,55781
DB12010,8780
DB12010,8737
DB12010,8767
DB12010,54101
DB12010,9475
DB12010,6098
DB12010,6195
DB12010,388228
DB12010,100130827
DB12010,23678
DB12010,23235
DB12010,9748
DB12010,54861
DB12010,6725
DB12010,6793
DB12010,8576
DB12010,9263
DB12010,9262
DB12010,202374
DB12015,1576
DB12015,1559
DB12015,5243
DB12015,1557
DB12015,1558
DB12015,9429
DB12015,5290
DB12020,54658
DB12020,54657
DB12023,2214
DB12023,3568
DB12026,1576
DB12026,1544
DB12026,5243
DB12026,1558
DB12026,9429
DB12026,10599
DB12035,5243
DB12070,1576
DB12070,1565
DB12070,1559
DB12070,5243
DB12070,1244
DB12070,1557
DB12070,1551
DB12070,1577
DB12070,1558
DB12070,8647
DB12070,9429
DB12070,10599
DB12070,9376
DB12070,1555
DB12070,54658
DB12070,54659
DB12070,64816
DB12095,7166
DB12095,121278
DB12130,1576
DB12130,1557
DB12130,1577
DB12130,1558
DB12130,1555
DB12130,54659
DB12130,238
DB12141,1576
DB12141,5243
DB12141,213
DB12141,9429
DB12141,6580
DB12141,55244
DB12141,3350
DB12141,2322
DB12141,238
DB12141,558
DB12147,1576
DB12147,1559
DB12147,5243
DB12147,2263
DB12147,2260
DB12147,2264
DB12147,2261
DB12147,5159
DB12147,5156
DB12147,6582
DB12147,3791
DB12147,3815
DB12147,5979
DB12147,1436
DB12159,3566
DB12161,1576
DB12161,1544
DB12161,1565
DB12161,1577
DB12161,6571
DB12161,873
DB12161,874
DB12240,1576
DB12240,974
DB12243,9356
DB12243,9376
DB12245,1576
DB12245,1544
DB12245,1565
DB12245,1559
DB12245,1557
DB12245,1558
DB12245,1545
DB12245,1543
DB12245,1555
DB12245,1548
DB12267,1956
DB12267,1576
DB12267,3643
DB12267,3480
DB12267,2064
DB12267,1558
DB12267,9429
DB12267,6580
DB12267,55244
DB12267,146802
DB12267,340273
DB12267,2322
DB12267,25
DB12267,238
DB12267,4233
DB12267,2066
DB12278,1576
DB12278,148
DB12278,1131
DB12278,1128
DB12278,2326
DB12278,1129
DB12278,775
DB12278,1132
DB12278,1133
DB12278,2328
DB12301,1576
DB12301,1577
DB12328,196
DB12329,1576
DB12329,4128
DB12332,1576
DB12332,1544
DB12332,1565
DB12332,1559
DB12332,5243
DB12332,1557
DB12332,1551
DB12332,1577
DB12332,1558
DB12332,9356
DB12332,9429
DB12332,10599
DB12332,6580
DB12332,9376
DB12332,10257
DB12332,54658
DB12332,55244
DB12332,146802
DB12332,142
DB12332,64816
DB12332,10038
DB12332,10039
DB12364,2147
DB12364,2159
DB12364,5243
DB12364,3757
DB12371,1576
DB12371,1559
DB12371,53637
DB12371,1901
DB12455,5243
DB12455,213
DB12474,1576
DB12474,1559
DB12474,1557
DB12483,1576
DB12483,5243
DB12483,213
DB12483,1551
DB12483,1577
DB12483,9429
DB12483,5293
DB12483,5290
DB12483,146802
DB12483,64816
DB12498,7852
DB12532,1576
DB12532,2520
DB12537,1576
DB12615,55244
DB12615,146802
DB12688,933
DB12688,1938
DB12698,920
DB12698,7852
DB12698,1234
DB12783,1644
DB12789,11251
DB12865,846
DB12872,1277
DB12872,2157
DB12872,11093
DB12945,1544
DB12952,1576
DB12965,1356
DB12965,213
DB12965,2
DB12965,4520
DB13074,1576
DB13074,2693
DB13125,5243
DB13125,1579
DB13125,9429
DB13125,4352
DB13133,1277
DB13133,2157
DB13133,11093
DB13136,1576
DB13136,1559
DB13139,1576
DB13139,1565
DB13139,10599
DB13139,154
DB13144,1441
DB13146,5243
DB13146,84889
DB13146,6510
DB13146,2902
DB13146,2890
DB13146,2891
DB13146,2892
DB13146,2893
DB13146,10257
DB13146,9056
DB13149,2159
DB13149,5624
DB13149,2153
DB13150,2159
DB13150,2158
DB13150,2152
DB13151,2147
DB13151,2243
DB13151,2159
DB13151,2158
DB13151,2155
DB13151,2157
DB13151,2153
DB13151,2162
DB13151,2244
DB13152,2147
DB13152,2159
DB13152,4035
DB13152,2677
DB13152,2155
DB13152,2157
DB13152,2160
DB13153,10599
DB13154,6329
DB13155,2744
DB13155,367
DB13158,1576
DB13158,2908
DB13161,6607
DB13166,1636
DB13167,5743
DB13170,2977
DB13173,3482
DB13178,6526
DB13179,1576
DB13179,1559
DB13179,5243
DB13179,1562
DB13179,1551
DB13179,1577
DB13179,1558
DB13179,8856
DB13179,64816
DB13192,2159
DB13192,2158
DB13192,5624
DB13200,1441
DB13257,4353
DB13257,5742
DB13257,5743
DB13257,7498
DB13257,1356
DB13257,1579
DB13257,5033
DB13257,55217
DB13257,6389
DB13257,7166
DB13257,4843
DB13257,4728
DB13257,6240
DB13257,7018
DB13257,2495
DB13257,2512
DB13257,847
DB13257,50
DB13257,6821
DB13257,5092
DB13269,6323
DB13287,1576
DB13293,1576
DB13293,1565
DB13345,1576
DB13345,8647
DB13345,148
DB13345,153
DB13345,3350
DB13345,1812
DB13346,5742
DB13346,5743
DB13346,10013
DB13346,83933
DB13421,213
DB13501,5742
DB13501,5743
DB13503,43
DB13520,6326
DB13615,7099
DB13615,64127
DB13620,495
DB13620,6557
DB13620,476
DB13620,486
DB13720,1131
DB13746,1576
DB13746,1559
DB13746,1557
DB13746,1558
DB13746,775
DB13746,8913
DB13746,773
DB13749,107
DB13749,1152
DB13749,476
DB13749,2977
DB13749,25
DB13749,5207
DB13751,7124
DB13751,213
DB13751,8647
DB13751,1109
DB13751,8644
DB13751,3290
DB13751,1646
DB13751,836
DB13751,4791
DB13751,4023
DB13766,1576
DB13781,153
DB13783,5742
DB13783,5743
DB13783,4363
DB13783,7364
DB13800,801
DB13800,844
DB13800,794
DB13867,1576
DB13867,5243
DB13867,5321
DB13867,1551
DB13867,1577
DB13867,1558
DB13867,10599
DB13867,2908
DB13867,866
DB13867,5241
DB13867,4306
DB13872,2554
DB13872,2555
DB13872,2556
DB13872,2558
DB13872,2566
DB13873,5465
DB13873,5467
DB13873,5468
DB13873,8856
DB13874,1576
DB13874,1544
DB13874,1565
DB13874,1559
DB13874,5243
DB13874,1557
DB13874,1558
DB13874,9356
DB13874,9429
DB13874,10599
DB13874,6582
DB13874,9376
DB13874,1555
DB13874,54658
DB13874,7366
DB13874,54659
DB13874,54657
DB13874,54600
DB13874,7364
DB13874,3418
DB13878,1576
DB13878,5243
DB13878,9429
DB13878,10599
DB13878,54658
DB13879,1576
DB13879,5243
DB13879,9429
DB13879,10599
DB13879,54658
DB13881,930
DB13884,2159
DB13884,2157
DB13892,1579
DB13892,8399
DB13893,5167
DB13893,8399
DB13894,8399
DB13909,213
DB13915,930
DB13923,2159
DB13923,2158
DB13925,6752
DB13926,4914
DB13928,2740
DB13928,213
DB13928,10599
DB13928,1803
DB13928,276
DB13928,4023
DB13928,4311
DB13931,9475
DB13931,6093
DB13932,6121
DB13933,2159
DB13933,2155
DB13933,2157
DB13943,1576
DB13943,1559
DB13943,5243
DB13943,213
DB13943,1588
DB13943,1557
DB13943,1551
DB13943,1577
DB13943,1558
DB13943,6579
DB13943,6554
DB13943,9429
DB13943,1545
DB13943,6581
DB13943,6583
DB13943,9376
DB13943,4128
DB13943,1583
DB13943,1543
DB13943,1555
DB13943,10864
DB13943,6462
DB13943,1553
DB13943,2099
DB13943,367
DB13943,6715
DB13943,4306
DB13943,64816
DB13944,1576
DB13944,1559
DB13944,5243
DB13944,213
DB13944,1588
DB13944,1557
DB13944,1551
DB13944,1577
DB13944,1558
DB13944,6579
DB13944,6554
DB13944,9429
DB13944,1545
DB13944,6581
DB13944,6583
DB13944,9376
DB13944,4128
DB13944,1583
DB13944,1543
DB13944,1555
DB13944,10864
DB13944,6462
DB13944,1553
DB13944,2099
DB13944,367
DB13944,6715
DB13944,4306
DB13944,64816
DB13946,1576
DB13946,1559
DB13946,5243
DB13946,213
DB13946,1588
DB13946,1557
DB13946,1551
DB13946,1577
DB13946,1558
DB13946,6579
DB13946,6554
DB13946,9429
DB13946,1545
DB13946,6582
DB13946,6583
DB13946,9376
DB13946,4128
DB13946,1580
DB13946,1583
DB13946,1543
DB13946,1555
DB13946,10864
DB13946,6462
DB13946,1553
DB13946,55244
DB13946,2099
DB13946,367
DB13946,6715
DB13946,4306
DB13946,64816
DB13949,811
DB13949,3690
DB13949,7018
DB13949,7037
DB13952,1576
DB13952,1544
DB13952,1559
DB13952,5243
DB13952,213
DB13952,1557
DB13952,1551
DB13952,1577
DB13952,1558
DB13952,6579
DB13952,89845
DB13952,9429
DB13952,10599
DB13952,1545
DB13952,6582
DB13952,6580
DB13952,6581
DB13952,9376
DB13952,3294
DB13952,1543
DB13952,8856
DB13952,54658
DB13952,11309
DB13952,55867
DB13952,6462
DB13952,1137
DB13952,2104
DB13952,53919
DB13952,2099
DB13952,2100
DB13952,10499
DB13952,28231
DB13952,2852
DB13952,8678
DB13952,2169
DB13953,1576
DB13953,1544
DB13953,1559
DB13953,5243
DB13953,213
DB13953,1557
DB13953,1551
DB13953,1577
DB13953,1558
DB13953,6579
DB13953,89845
DB13953,9429
DB13953,10599
DB13953,1545
DB13953,6582
DB13953,6580
DB13953,6581
DB13953,9376
DB13953,3294
DB13953,1543
DB13953,8856
DB13953,54658
DB13953,11309
DB13953,55867
DB13953,6462
DB13953,1137
DB13953,2104
DB13953,53919
DB13953,2099
DB13953,2100
DB13953,10499
DB13953,28231
DB13953,2852
DB13953,8678
DB13953,2169
DB13954,1576
DB13954,1544
DB13954,1559
DB13954,5243
DB13954,213
DB13954,1557
DB13954,1551
DB13954,1577
DB13954,1558
DB13954,6579
DB13954,89845
DB13954,9429
DB13954,10599
DB13954,1545
DB13954,6582
DB13954,6580
DB13954,6581
DB13954,9376
DB13954,3294
DB13954,1543
DB13954,8856
DB13954,54658
DB13954,11309
DB13954,55867
DB13954,6462
DB13954,1137
DB13954,2104
DB13954,53919
DB13954,2099
DB13954,2100
DB13954,10499
DB13954,28231
DB13954,2852
DB13954,8678
DB13954,2169
DB13955,1576
DB13955,1544
DB13955,1559
DB13955,5243
DB13955,213
DB13955,1557
DB13955,1551
DB13955,1577
DB13955,1558
DB13955,6579
DB13955,89845
DB13955,9429
DB13955,10599
DB13955,1545
DB13955,6582
DB13955,6580
DB13955,6581
DB13955,9376
DB13955,3294
DB13955,1543
DB13955,8856
DB13955,54658
DB13955,11309
DB13955,55867
DB13955,6462
DB13955,1137
DB13955,2104
DB13955,53919
DB13955,2099
DB13955,2100
DB13955,10499
DB13955,28231
DB13955,2852
DB13955,8678
DB13955,2169
DB13956,1576
DB13956,1544
DB13956,1559
DB13956,5243
DB13956,213
DB13956,1557
DB13956,1551
DB13956,1577
DB13956,1558
DB13956,6579
DB13956,89845
DB13956,9429
DB13956,10599
DB13956,1545
DB13956,6582
DB13956,6580
DB13956,6581
DB13956,9376
DB13956,3294
DB13956,1543
DB13956,8856
DB13956,54658
DB13956,11309
DB13956,55867
DB13956,6462
DB13956,1137
DB13956,2104
DB13956,53919
DB13956,2099
DB13956,2100
DB13956,10499
DB13956,28231
DB13956,2852
DB13956,8678
DB13956,2169
DB13961,1576
DB13961,5743
DB13961,5465
DB13961,5467
DB13961,5468
DB13961,775
DB13961,4791
DB13961,6720
DB13961,84649
DB13967,213
DB13985,6751
DB13985,6755
DB13985,6752
DB13985,6753
DB13985,6754
DB13995,3039
DB13995,3043
DB13995,2495
DB13995,2512
DB13996,476
DB13997,1576
DB13997,54659
DB13997,340273
DB13998,2147
DB13998,2159
DB13998,2158
DB13998,7450
DB13998,5264
DB13998,433
DB13998,3309
DB13998,811
DB13998,821
DB13998,3998
DB13998,4035
DB13998,90411
DB13998,5624
DB13999,2147
DB13999,2159
DB13999,2158
DB13999,7450
DB13999,5264
DB13999,433
DB13999,3309
DB13999,811
DB13999,821
DB13999,3998
DB13999,4035
DB13999,90411
DB13999,5624
DB14001,2729
DB14001,2939
DB14001,2947
DB14001,2950
DB14001,9446
DB14001,5578
DB14001,3162
DB14001,8856
DB14001,5579
DB14001,240
DB14001,1606
DB14001,5516
DB14001,5515
DB14001,284904
DB14001,266629
DB14001,23541
DB14001,1728
DB14001,6647
DB14001,7274
DB14002,2729
DB14002,2939
DB14002,2947
DB14002,2950
DB14002,9446
DB14002,5578
DB14002,3162
DB14002,8856
DB14002,5579
DB14002,240
DB14002,1606
DB14002,5516
DB14002,5515
DB14002,284904
DB14002,266629
DB14002,23541
DB14002,1728
DB14002,6647
DB14002,7274
DB14003,1576
DB14003,5243
DB14003,949
DB14003,284904
DB14003,266629
DB14003,23541
DB14003,7274
DB14003,3949
DB14003,8529
DB14003,55911
DB14003,7436
DB14004,1579
DB14004,3593
DB14006,590
DB14006,9468
DB14006,43
DB14006,5130
DB14006,5338
DB14006,5337
DB14006,162466
DB14006,1139
DB14006,10390
DB14006,1120
DB14006,1103
DB14006,1119
DB14006,55349
DB14006,6582
DB14006,6580
DB14006,6581
DB14006,6584
DB14006,6583
DB14006,23446
DB14006,80736
DB14006,57153
DB14006,126969
DB14006,60482
DB14007,5265
DB14012,8074
DB14018,1544
DB14019,1576
DB14033,1559
DB14039,10203
DB14041,796
DB14041,797
DB14042,796
DB14042,797
DB14185,1576
DB14185,1565
DB14185,213
DB14185,1551
DB14185,1577
DB14185,148
DB14185,1813
DB14185,1131
DB14185,1128
DB14185,3358
DB14185,1129
DB14185,147
DB14185,3269
DB14185,3352
DB14185,3351
DB14185,3350
DB14185,3354
DB14185,3363
DB14185,150
DB14185,1812
DB14185,1816
DB14185,3356
DB14185,1814
DB14185,1815
DB14185,3359
DB14185,3362
DB14185,151
DB14185,152
DB14185,1132
DB14185,1133
DB14481,811
DB14481,821
DB14481,213
DB14481,6546
DB14481,6261
DB14481,775
DB14481,8913
DB14481,801
DB14481,777
DB14481,773
DB14481,6285
DB14481,6284
DB14481,846
DB14481,10016
DB14481,6262
DB14481,6574
DB14481,6575
DB14481,6569
DB14481,10568
DB14481,142680
DB14481,10519
DB14481,6717
DB14481,11261
DB14481,6678
DB14481,2201
DB14481,845
DB14481,9104
DB14481,553115
DB14481,6277
DB14481,7178
DB14481,10518
DB14481,844
DB14481,4924
DB14481,4925
DB14481,84467
DB14481,25801
DB14481,8618
DB14481,805
DB14481,808
DB14481,140576
DB14481,794
DB14481,828
DB14481,93664
DB14481,125972
DB14481,9378
DB14481,23413
DB14481,55503
DB14481,56302
DB14481,9033
DB14481,6263
DB14481,342372
DB14481,117144
DB14481,793
DB14481,795
DB14487,2147
DB14487,715
DB14487,713
DB14487,714
DB14487,716
DB14487,2243
DB14487,718
DB14487,721
DB14487,727
DB14487,3416
DB14487,1363
DB14487,7448
DB14487,1356
DB14487,2
DB14487,443
DB14487,4318
DB14487,2741
DB14487,4255
DB14487,126
DB14487,26330
DB14487,6647
DB14487,623
DB14487,6462
DB14487,866
DB14487,759
DB14487,2099
DB14487,7276
DB14487,142
DB14487,5005
DB14487,3039
DB14487,3053
DB14487,4489
DB14487,4350
DB14487,7018
DB14487,4502
DB14487,4830
DB14487,351
DB14487,6273
DB14487,5444
DB14487,3043
DB14487,7157
DB14487,3562
DB14487,6278
DB14487,3065
DB14487,3483
DB14487,6279
DB14487,6280
DB14487,10016
DB14487,55869
DB14487,226
DB14487,1915
DB14487,2023
DB14487,5034
DB14487,2923
DB14487,5052
DB14487,5723
DB14487,7167
DB14487,7284
DB14487,9973
DB14487,9759
DB14487,6406
DB14487,10572
DB14487,4193
DB14487,3630
DB14487,7402
DB14487,7161
DB14487,4504
DB14487,199699
DB14487,1
DB14487,183
DB14487,197
DB14487,325
DB14487,335
DB14487,336
DB14487,337
DB14487,55911
DB14487,348
DB14487,8542
DB14487,722
DB14487,725
DB14487,79184
DB14487,731
DB14487,732
DB14487,733
DB14487,629
DB14487,3075
DB14487,3426
DB14487,1191
DB14487,1369
DB14487,117159
DB14487,1832
DB14487,2161
DB14487,2165
DB14487,8547
DB14487,2335
DB14487,2934
DB14487,3250
DB14487,388697
DB14487,3493
DB14487,3507
DB14487,3697
DB14487,3698
DB14487,3699
DB14487,3700
DB14487,3512
DB14487,3728
DB14487,3818
DB14487,3827
DB14487,3848
DB14487,3858
DB14487,3861
DB14487,3868
DB14487,3849
DB14487,3852
DB14487,3853
DB14487,3857
DB14487,114770
DB14487,5858
DB14487,5265
DB14487,12
DB14487,5267
DB14487,333
DB14487,334
DB14488,1356
DB14488,54583
DB14488,3039
DB14488,7018
DB14488,2495
DB14488,5423
DB14488,7037
DB14488,55869
DB14488,51327
DB14488,2395
DB14488,2237
DB14488,79661
DB14488,252969
DB14489,1356
DB14489,54583
DB14489,3039
DB14489,7018
DB14489,2495
DB14489,5423
DB14489,7037
DB14489,55869
DB14489,51327
DB14489,2395
DB14489,2237
DB14489,79661
DB14489,252969
DB14490,1356
DB14490,54583
DB14490,3039
DB14490,7018
DB14490,2495
DB14490,5423
DB14490,7037
DB14490,55869
DB14490,51327
DB14490,2395
DB14490,2237
DB14490,79661
DB14490,252969
DB14491,1356
DB14491,54583
DB14491,3039
DB14491,7018
DB14491,2495
DB14491,5423
DB14491,7037
DB14491,55869
DB14491,51327
DB14491,2395
DB14491,2237
DB14491,79661
DB14491,252969
DB14498,476
DB14499,476
DB14501,1356
DB14501,54583
DB14501,3039
DB14501,7018
DB14501,2495
DB14501,5423
DB14501,7037
DB14501,55869
DB14501,51327
DB14501,2395
DB14501,2237
DB14501,79661
DB14501,252969
DB14502,6574
DB14502,6575
DB14502,6569
DB14502,10568
DB14502,142680
DB14503,6574
DB14503,6575
DB14503,6569
DB14503,10568
DB14503,142680
DB14507,2892
DB14507,2932
DB14507,3613
DB14507,3612
DB14509,2892
DB14509,6340
DB14509,6337
DB14509,6338
DB14509,2932
DB14509,3613
DB14509,3612
DB14512,1576
DB14512,1558
DB14512,2908
DB14512,5241
DB14517,213
DB14517,476
DB14517,7018
DB14517,351
DB14517,3816
DB14518,213
DB14518,476
DB14518,7018
DB14518,351
DB14518,3816
DB14520,811
DB14520,3690
DB14520,7018
DB14520,7037
DB14527,7018
DB14527,1528
DB14528,7018
DB14528,1528
DB14529,7018
DB14529,1528
DB14530,7018
DB14530,1528
DB14533,2147
DB14533,715
DB14533,713
DB14533,714
DB14533,716
DB14533,2243
DB14533,718
DB14533,721
DB14533,727
DB14533,3416
DB14533,1363
DB14533,7448
DB14533,1356
DB14533,2
DB14533,443
DB14533,4318
DB14533,2741
DB14533,4255
DB14533,126
DB14533,26330
DB14533,6647
DB14533,623
DB14533,6462
DB14533,866
DB14533,759
DB14533,2099
DB14533,7276
DB14533,142
DB14533,5005
DB14533,3039
DB14533,3053
DB14533,4489
DB14533,4350
DB14533,7018
DB14533,4502
DB14533,4830
DB14533,351
DB14533,6273
DB14533,5444
DB14533,3043
DB14533,7157
DB14533,3562
DB14533,6278
DB14533,3065
DB14533,3483
DB14533,6279
DB14533,6280
DB14533,10016
DB14533,55869
DB14533,226
DB14533,1915
DB14533,2023
DB14533,5034
DB14533,2923
DB14533,5052
DB14533,5723
DB14533,7167
DB14533,7284
DB14533,9973
DB14533,9759
DB14533,6406
DB14533,10572
DB14533,4193
DB14533,3630
DB14533,7402
DB14533,7161
DB14533,4504
DB14533,199699
DB14533,1
DB14533,183
DB14533,197
DB14533,325
DB14533,335
DB14533,336
DB14533,337
DB14533,55911
DB14533,348
DB14533,8542
DB14533,722
DB14533,725
DB14533,79184
DB14533,731
DB14533,732
DB14533,733
DB14533,629
DB14533,3075
DB14533,3426
DB14533,1191
DB14533,1369
DB14533,117159
DB14533,1832
DB14533,2161
DB14533,2165
DB14533,8547
DB14533,2335
DB14533,2934
DB14533,3250
DB14533,388697
DB14533,3493
DB14533,3507
DB14533,3697
DB14533,3698
DB14533,3699
DB14533,3700
DB14533,3512
DB14533,3728
DB14533,3818
DB14533,3827
DB14533,3848
DB14533,3858
DB14533,3861
DB14533,3868
DB14533,3849
DB14533,3852
DB14533,3853
DB14533,3857
DB14533,114770
DB14533,5858
DB14533,5265
DB14533,12
DB14533,5267
DB14533,333
DB14533,334
DB14539,1576
DB14539,5243
DB14539,1551
DB14539,1577
DB14539,1558
DB14539,6579
DB14539,9429
DB14539,9376
DB14539,3283
DB14539,3291
DB14539,6462
DB14539,2908
DB14539,866
DB14539,1584
DB14539,301
DB14539,1585
DB14540,1576
DB14540,5243
DB14540,1551
DB14540,1577
DB14540,1558
DB14540,6579
DB14540,9429
DB14540,9376
DB14540,3283
DB14540,3291
DB14540,6462
DB14540,2908
DB14540,866
DB14540,1584
DB14540,301
DB14540,1585
DB14541,1576
DB14541,5243
DB14541,1551
DB14541,1577
DB14541,1558
DB14541,6579
DB14541,9429
DB14541,9376
DB14541,3283
DB14541,3291
DB14541,6462
DB14541,2908
DB14541,866
DB14541,1584
DB14541,301
DB14541,1585
DB14542,1576
DB14542,5243
DB14542,1551
DB14542,1577
DB14542,1558
DB14542,6579
DB14542,9429
DB14542,9376
DB14542,3283
DB14542,3291
DB14542,6462
DB14542,2908
DB14542,866
DB14542,1584
DB14542,301
DB14542,1585
DB14543,1576
DB14543,5243
DB14543,1551
DB14543,1577
DB14543,1558
DB14543,6579
DB14543,9429
DB14543,9376
DB14543,3283
DB14543,3291
DB14543,6462
DB14543,2908
DB14543,866
DB14543,1584
DB14543,301
DB14543,1585
DB14544,1576
DB14544,5243
DB14544,1551
DB14544,1577
DB14544,1558
DB14544,6579
DB14544,9429
DB14544,9376
DB14544,3283
DB14544,3291
DB14544,6462
DB14544,2908
DB14544,866
DB14544,1584
DB14544,301
DB14544,1585
DB14545,1576
DB14545,1551
DB14545,1577
DB14545,1558
DB14545,1584
DB14545,1585
DB14562,7035
DB14568,1576
DB14568,1559
DB14568,5243
DB14568,1558
DB14568,9376
DB14568,1555
DB14568,3417
DB14575,1576
DB14575,1557
DB14575,54658
DB14575,5025
DB14582,213
DB14582,5004
DB14583,1576
DB14583,2908
DB14583,367
DB14583,5241
DB14596,1576
DB14596,2908
DB14596,5444
DB14597,3818
DB14600,1544
DB14600,1588
DB14600,100
DB14600,5446
DB14642,554
DB14642,552
DB14642,553
DB14642,1244
DB14700,2157
DB14707,5133
DB14723,1576
DB14723,4914
DB14723,4915
DB14723,4916
DB14724,3458
DB14731,3563
DB14731,402
DB14738,2147
DB14738,2159
DB14738,2158
DB14738,7450
DB14738,5624
DB14751,3643
DB14751,3480
DB14751,3482
DB14754,6582
DB14754,6584
DB14754,6583
DB14754,6531
DB14754,6530
DB14762,3593
